timestamp,root mean square of successive differences milliseconds,standard deviation milliseconds
2023-05-01T00:40:00Z,87.092,0.0
2023-05-01T00:45:00Z,87.46,0.0
2023-05-01T00:50:00Z,68.775,0.0
2023-05-01T00:55:00Z,69.277,0.0
2023-05-01T01:00:00Z,61.762,0.0
2023-05-01T01:05:00Z,64.368,0.0
2023-05-01T01:10:00Z,69.047,0.0
2023-05-01T01:15:00Z,67.627,0.0
2023-05-01T01:20:00Z,67.868,0.0
2023-05-01T01:25:00Z,54.283,0.0
2023-05-01T01:30:00Z,49.211,0.0
2023-05-01T01:35:00Z,57.63,0.0
2023-05-01T01:40:00Z,58.948,0.0
2023-05-01T01:45:00Z,59.359,0.0
2023-05-01T01:50:00Z,50.48,0.0
2023-05-01T01:55:00Z,45.688,0.0
2023-05-01T02:00:00Z,55.994,0.0
2023-05-01T02:05:00Z,56.8,0.0
2023-05-01T02:10:00Z,44.282,0.0
2023-05-01T02:15:00Z,48.04,0.0
2023-05-01T02:20:00Z,48.186,0.0
2023-05-01T02:25:00Z,51.387,0.0
2023-05-01T02:30:00Z,52.501,0.0
2023-05-01T02:35:00Z,54.803,0.0
2023-05-01T02:40:00Z,61.993,0.0
2023-05-01T02:45:00Z,73.21,0.0
2023-05-01T02:50:00Z,77.877,0.0
2023-05-01T02:55:00Z,46.807,0.0
2023-05-01T03:00:00Z,46.804,0.0
2023-05-01T03:05:00Z,45.352,0.0
2023-05-01T03:10:00Z,30.279,0.0
2023-05-01T03:15:00Z,54.518,0.0
2023-05-01T03:20:00Z,38.144,0.0
2023-05-01T03:25:00Z,39.647,0.0
2023-05-01T03:30:00Z,42.647,0.0
2023-05-01T03:35:00Z,45.833,0.0
2023-05-01T03:40:00Z,50.856,0.0
2023-05-01T03:45:00Z,49.056,0.0
2023-05-01T03:50:00Z,40.566,0.0
2023-05-01T03:55:00Z,50.271,0.0
2023-05-01T04:00:00Z,44.617,0.0
2023-05-01T04:05:00Z,44.418,0.0
2023-05-01T04:10:00Z,40.82,0.0
2023-05-01T04:15:00Z,44.778,0.0
2023-05-01T04:20:00Z,43.195,0.0
2023-05-01T04:25:00Z,42.857,0.0
2023-05-01T04:30:00Z,59.662,0.0
2023-05-01T04:35:00Z,59.757,0.0
2023-05-01T04:40:00Z,43.777,0.0
2023-05-01T04:45:00Z,43.888,0.0
2023-05-01T04:50:00Z,57.201,0.0
2023-05-01T04:55:00Z,29.034,0.0
2023-05-01T05:00:00Z,62.727,0.0
2023-05-01T05:05:00Z,61.804,0.0
2023-05-01T05:10:00Z,82.176,0.0
2023-05-01T05:15:00Z,68.531,0.0
2023-05-01T05:20:00Z,56.762,0.0
2023-05-01T05:25:00Z,58.948,0.0
2023-05-01T05:30:00Z,33.987,0.0
2023-05-01T05:35:00Z,44.561,0.0
2023-05-01T05:40:00Z,86.417,0.0
2023-05-01T05:45:00Z,93.195,0.0
2023-05-01T05:50:00Z,92.226,0.0
2023-05-01T05:55:00Z,84.446,0.0
2023-05-01T06:00:00Z,64.878,0.0
2023-05-01T06:05:00Z,60.26,0.0
2023-05-01T06:10:00Z,54.835,0.0
2023-05-01T06:15:00Z,47.701,0.0
2023-05-01T06:20:00Z,50.55,0.0
2023-05-01T06:25:00Z,55.894,0.0
2023-05-01T06:30:00Z,46.944,0.0
2023-05-01T06:35:00Z,44.979,0.0
2023-05-01T06:40:00Z,84.331,0.0
2023-05-01T06:45:00Z,56.257,0.0
2023-05-01T06:50:00Z,53.214,0.0
2023-05-01T06:55:00Z,86.025,0.0
2023-05-01T07:00:00Z,100.813,0.0
2023-05-01T22:45:00Z,48.369,0.0
2023-05-01T22:50:00Z,60.084,0.0
2023-05-01T22:55:00Z,60.656,0.0
2023-05-01T23:00:00Z,57.239,0.0
2023-05-01T23:05:00Z,52.847,0.0
2023-05-01T23:10:00Z,50.945,0.0
2023-05-01T23:15:00Z,48.534,0.0
2023-05-01T23:20:00Z,49.338,0.0
2023-05-01T23:25:00Z,49.271,0.0
2023-05-01T23:30:00Z,43.451,0.0
2023-05-01T23:35:00Z,52.175,0.0
2023-05-01T23:40:00Z,40.293,0.0
2023-05-01T23:45:00Z,33.321,0.0
2023-05-01T23:50:00Z,32.567,0.0
2023-05-01T23:55:00Z,30.043,0.0
2023-05-02T00:00:00Z,27.72,0.0
2023-05-02T00:05:00Z,32.013,0.0
2023-05-02T00:10:00Z,37.568,0.0
2023-05-02T00:15:00Z,41.128,0.0
2023-05-02T00:20:00Z,53.274,0.0
2023-05-02T00:25:00Z,50.092,0.0
2023-05-02T00:30:00Z,49.713,0.0
2023-05-02T00:35:00Z,50.786,0.0
2023-05-02T00:40:00Z,48.163,0.0
2023-05-02T00:45:00Z,55.407,0.0
2023-05-02T00:50:00Z,56.636,0.0
2023-05-02T00:55:00Z,55.162,0.0
2023-05-02T01:00:00Z,56.241,0.0
2023-05-02T01:05:00Z,74.698,0.0
2023-05-02T01:10:00Z,65.636,0.0
2023-05-02T01:15:00Z,66.79,0.0
2023-05-02T01:20:00Z,84.652,0.0
2023-05-02T01:25:00Z,75.067,0.0
2023-05-02T01:30:00Z,54.785,0.0
2023-05-02T01:35:00Z,50.623,0.0
2023-05-02T01:40:00Z,39.136,0.0
2023-05-02T01:45:00Z,24.843,0.0
2023-05-02T01:50:00Z,24.802,0.0
2023-05-02T01:55:00Z,27.217,0.0
2023-05-02T02:00:00Z,10.631,0.0
2023-05-02T02:05:00Z,17.283,0.0
2023-05-02T02:10:00Z,45.575,0.0
2023-05-02T02:15:00Z,40.784,0.0
2023-05-02T02:25:00Z,53.011,0.0
2023-05-02T02:30:00Z,15.09,0.0
2023-05-02T02:35:00Z,22.853,0.0
2023-05-02T02:40:00Z,33.21,0.0
2023-05-02T02:45:00Z,14.296,0.0
2023-05-02T02:50:00Z,18.664,0.0
2023-05-02T02:55:00Z,20.084,0.0
2023-05-02T03:00:00Z,37.542,0.0
2023-05-02T03:05:00Z,51.475,0.0
2023-05-02T03:10:00Z,61.432,0.0
2023-05-02T03:15:00Z,41.02,0.0
2023-05-02T03:20:00Z,67.933,0.0
2023-05-02T03:25:00Z,31.371,0.0
2023-05-02T03:30:00Z,49.979,0.0
2023-05-02T03:35:00Z,32.547,0.0
2023-05-02T03:40:00Z,29.059,0.0
2023-05-02T03:45:00Z,36.572,0.0
2023-05-02T03:50:00Z,30.546,0.0
2023-05-02T03:55:00Z,24.984,0.0
2023-05-02T04:00:00Z,26.853,0.0
2023-05-02T04:05:00Z,27.106,0.0
2023-05-02T04:10:00Z,24.574,0.0
2023-05-02T04:15:00Z,13.018,0.0
2023-05-02T04:20:00Z,9.917,0.0
2023-05-02T04:25:00Z,13.512,0.0
2023-05-02T04:30:00Z,10.592,0.0
2023-05-02T04:35:00Z,12.418,0.0
2023-05-02T04:40:00Z,10.595,0.0
2023-05-02T04:45:00Z,13.455,0.0
2023-05-02T04:50:00Z,13.836,0.0
2023-05-02T04:55:00Z,14.106,0.0
2023-05-02T05:00:00Z,41.843,0.0
2023-05-02T05:05:00Z,40.318,0.0
2023-05-02T05:10:00Z,79.139,0.0
2023-05-02T05:15:00Z,73.58,0.0
2023-05-02T05:20:00Z,81.247,0.0
2023-05-02T05:25:00Z,49.558,0.0
2023-05-02T05:30:00Z,59.263,0.0
2023-05-02T05:35:00Z,99.242,0.0
2023-05-02T05:40:00Z,46.905,0.0
2023-05-02T05:45:00Z,68.878,0.0
2023-05-02T05:50:00Z,73.399,0.0
2023-05-02T05:55:00Z,67.489,0.0
2023-05-02T06:00:00Z,83.091,0.0
2023-05-02T23:15:00Z,48.837,0.0
2023-05-02T23:20:00Z,52.981,0.0
2023-05-02T23:25:00Z,57.049,0.0
2023-05-02T23:30:00Z,51.602,0.0
2023-05-02T23:35:00Z,31.592,0.0
2023-05-02T23:40:00Z,33.497,0.0
2023-05-02T23:45:00Z,40.901,0.0
2023-05-02T23:50:00Z,41.426,0.0
2023-05-02T23:55:00Z,49.625,0.0
2023-05-03T00:00:00Z,46.161,0.0
2023-05-03T00:05:00Z,40.203,0.0
2023-05-03T00:10:00Z,41.113,0.0
2023-05-03T00:15:00Z,41.451,0.0
2023-05-03T00:20:00Z,46.746,0.0
2023-05-03T00:25:00Z,52.023,0.0
2023-05-03T00:30:00Z,59.491,0.0
2023-05-03T00:35:00Z,69.725,0.0
2023-05-03T00:40:00Z,65.844,0.0
2023-05-03T00:45:00Z,28.463,0.0
2023-05-03T00:50:00Z,28.753,0.0
2023-05-03T00:55:00Z,35.823,0.0
2023-05-03T01:00:00Z,40.693,0.0
2023-05-03T01:05:00Z,53.437,0.0
2023-05-03T01:10:00Z,47.498,0.0
2023-05-03T01:15:00Z,44.457,0.0
2023-05-03T01:20:00Z,53.132,0.0
2023-05-03T01:25:00Z,47.912,0.0
2023-05-03T01:30:00Z,54.003,0.0
2023-05-03T01:35:00Z,50.15,0.0
2023-05-03T01:40:00Z,51.119,0.0
2023-05-03T01:45:00Z,78.057,0.0
2023-05-03T01:50:00Z,69.216,0.0
2023-05-03T01:55:00Z,63.449,0.0
2023-05-03T02:00:00Z,74.931,0.0
2023-05-03T02:05:00Z,60.111,0.0
2023-05-03T02:10:00Z,59.791,0.0
2023-05-03T02:15:00Z,53.79,0.0
2023-05-03T02:20:00Z,59.83,0.0
2023-05-03T02:25:00Z,52.438,0.0
2023-05-03T02:30:00Z,54.52,0.0
2023-05-03T02:35:00Z,37.6,0.0
2023-05-03T02:40:00Z,47.297,0.0
2023-05-03T02:45:00Z,49.749,0.0
2023-05-03T02:50:00Z,54.967,0.0
2023-05-03T02:55:00Z,54.983,0.0
2023-05-03T03:00:00Z,69.209,0.0
2023-05-03T03:05:00Z,60.5,0.0
2023-05-03T03:10:00Z,72.837,0.0
2023-05-03T03:15:00Z,94.936,0.0
2023-05-03T03:20:00Z,68.018,0.0
2023-05-03T03:25:00Z,64.027,0.0
2023-05-03T03:30:00Z,73.841,0.0
2023-05-03T03:35:00Z,77.801,0.0
2023-05-03T03:40:00Z,51.165,0.0
2023-05-03T03:45:00Z,49.913,0.0
2023-05-03T03:50:00Z,66.813,0.0
2023-05-03T03:55:00Z,74.292,0.0
2023-05-03T04:00:00Z,60.416,0.0
2023-05-03T04:05:00Z,49.271,0.0
2023-05-03T04:10:00Z,51.207,0.0
2023-05-03T04:15:00Z,54.864,0.0
2023-05-03T04:20:00Z,56.019,0.0
2023-05-03T04:25:00Z,73.492,0.0
2023-05-03T04:30:00Z,46.25,0.0
2023-05-03T04:35:00Z,43.393,0.0
2023-05-03T04:40:00Z,40.321,0.0
2023-05-03T04:45:00Z,39.872,0.0
2023-05-03T04:50:00Z,49.073,0.0
2023-05-03T04:55:00Z,73.39,0.0
2023-05-03T05:00:00Z,61.896,0.0
2023-05-03T05:05:00Z,59.302,0.0
2023-05-03T05:10:00Z,61.542,0.0
2023-05-03T05:15:00Z,51.066,0.0
2023-05-03T05:20:00Z,60.857,0.0
2023-05-03T05:25:00Z,64.699,0.0
2023-05-03T05:30:00Z,65.834,0.0
2023-05-03T05:35:00Z,48.17,0.0
2023-05-03T05:40:00Z,66.361,0.0
2023-05-03T05:45:00Z,57.095,0.0
2023-05-03T05:50:00Z,64.126,0.0
2023-05-03T05:55:00Z,61.278,0.0
2023-05-03T06:00:00Z,48.303,0.0
2023-05-03T06:05:00Z,45.56,0.0
2023-05-03T06:10:00Z,58.561,0.0
2023-05-03T06:15:00Z,61.506,0.0
2023-05-03T06:20:00Z,69.64,0.0
2023-05-03T06:35:00Z,61.533,0.0
2023-05-03T06:40:00Z,68.177,0.0
2023-05-03T06:45:00Z,68.911,0.0
2023-05-03T06:50:00Z,73.34,0.0
2023-05-03T06:55:00Z,81.36,0.0
2023-05-03T23:50:00Z,19.274,0.0
2023-05-03T23:55:00Z,28.11,0.0
2023-05-04T00:00:00Z,26.082,0.0
2023-05-04T00:05:00Z,21.771,0.0
2023-05-04T00:10:00Z,20.853,0.0
2023-05-04T00:15:00Z,20.304,0.0
2023-05-04T00:20:00Z,18.905,0.0
2023-05-04T00:25:00Z,42.809,0.0
2023-05-04T00:30:00Z,44.295,0.0
2023-05-04T00:35:00Z,40.534,0.0
2023-05-04T00:40:00Z,38.271,0.0
2023-05-04T00:45:00Z,39.868,0.0
2023-05-04T00:50:00Z,47.848,0.0
2023-05-04T00:55:00Z,43.37,0.0
2023-05-04T01:00:00Z,31.857,0.0
2023-05-04T01:05:00Z,42.407,0.0
2023-05-04T01:10:00Z,32.074,0.0
2023-05-04T01:15:00Z,21.953,0.0
2023-05-04T01:20:00Z,23.696,0.0
2023-05-04T01:25:00Z,27.29,0.0
2023-05-04T01:30:00Z,30.466,0.0
2023-05-04T01:35:00Z,35.103,0.0
2023-05-04T01:40:00Z,44.763,0.0
2023-05-04T02:20:00Z,57.684,0.0
2023-05-04T02:25:00Z,46.844,0.0
2023-05-04T02:30:00Z,40.925,0.0
2023-05-04T02:35:00Z,43.109,0.0
2023-05-04T02:40:00Z,39.761,0.0
2023-05-04T02:45:00Z,42.972,0.0
2023-05-04T02:50:00Z,43.429,0.0
2023-05-04T02:55:00Z,48.597,0.0
2023-05-04T03:00:00Z,27.103,0.0
2023-05-04T03:05:00Z,21.427,0.0
2023-05-04T03:10:00Z,23.6,0.0
2023-05-04T03:15:00Z,29.15,0.0
2023-05-04T03:20:00Z,28.04,0.0
2023-05-04T03:25:00Z,32.21,0.0
2023-05-04T03:30:00Z,30.955,0.0
2023-05-04T03:35:00Z,30.741,0.0
2023-05-04T03:40:00Z,28.883,0.0
2023-05-04T03:45:00Z,32.046,0.0
2023-05-04T03:50:00Z,29.081,0.0
2023-05-04T03:55:00Z,24.678,0.0
2023-05-04T04:00:00Z,27.657,0.0
2023-05-04T04:05:00Z,55.976,0.0
2023-05-04T04:10:00Z,49.063,0.0
2023-05-04T04:15:00Z,40.05,0.0
2023-05-04T04:20:00Z,42.237,0.0
2023-05-04T04:25:00Z,43.831,0.0
2023-05-04T04:30:00Z,43.067,0.0
2023-05-04T04:35:00Z,48.417,0.0
2023-05-04T04:40:00Z,61.201,0.0
2023-05-04T04:45:00Z,34.534,0.0
2023-05-04T04:50:00Z,23.919,0.0
2023-05-04T04:55:00Z,25.319,0.0
2023-05-04T05:00:00Z,33.18,0.0
2023-05-04T05:05:00Z,30.414,0.0
2023-05-04T05:10:00Z,38.533,0.0
2023-05-04T05:15:00Z,24.74,0.0
2023-05-04T05:20:00Z,41.21,0.0
2023-05-04T05:25:00Z,37.055,0.0
2023-05-04T05:30:00Z,28.845,0.0
2023-05-04T05:35:00Z,19.559,0.0
2023-05-04T05:40:00Z,17.528,0.0
2023-05-04T05:45:00Z,19.251,0.0
2023-05-04T05:50:00Z,21.269,0.0
2023-05-04T05:55:00Z,37.954,0.0
2023-05-04T06:00:00Z,34.29,0.0
2023-05-04T06:05:00Z,25.882,0.0
2023-05-04T06:10:00Z,28.168,0.0
2023-05-04T06:15:00Z,17.33,0.0
2023-05-04T06:20:00Z,30.63,0.0
2023-05-04T06:25:00Z,39.864,0.0
2023-05-04T06:30:00Z,18.016,0.0
2023-05-04T06:35:00Z,22.364,0.0
2023-05-04T06:40:00Z,36.576,0.0
2023-05-04T06:45:00Z,20.003,0.0
2023-05-04T06:50:00Z,35.112,0.0
2023-05-05T00:25:00Z,66.102,0.0
2023-05-05T00:30:00Z,55.889,0.0
2023-05-05T00:35:00Z,54.15,0.0
2023-05-05T00:40:00Z,56.73,0.0
2023-05-05T00:45:00Z,54.721,0.0
2023-05-05T00:50:00Z,61.476,0.0
2023-05-05T00:55:00Z,53.602,0.0
2023-05-05T01:00:00Z,56.11,0.0
2023-05-05T01:05:00Z,57.813,0.0
2023-05-05T01:10:00Z,58.083,0.0
2023-05-05T01:15:00Z,51.805,0.0
2023-05-05T01:20:00Z,51.658,0.0
2023-05-05T01:25:00Z,50.365,0.0
2023-05-05T01:30:00Z,41.737,0.0
2023-05-05T01:35:00Z,34.579,0.0
2023-05-05T01:40:00Z,28.895,0.0
2023-05-05T01:45:00Z,25.06,0.0
2023-05-05T01:50:00Z,27.053,0.0
2023-05-05T01:55:00Z,32.797,0.0
2023-05-05T02:00:00Z,29.442,0.0
2023-05-05T02:05:00Z,38.379,0.0
2023-05-05T02:10:00Z,45.099,0.0
2023-05-05T02:15:00Z,41.18,0.0
2023-05-05T02:20:00Z,36.25,0.0
2023-05-05T02:25:00Z,53.198,0.0
2023-05-05T02:30:00Z,40.026,0.0
2023-05-05T02:35:00Z,41.849,0.0
2023-05-05T02:40:00Z,46.244,0.0
2023-05-05T02:45:00Z,45.88,0.0
2023-05-05T02:50:00Z,47.446,0.0
2023-05-05T02:55:00Z,53.735,0.0
2023-05-05T03:00:00Z,58.794,0.0
2023-05-05T03:05:00Z,55.753,0.0
2023-05-05T03:10:00Z,49.395,0.0
2023-05-05T03:15:00Z,51.714,0.0
2023-05-05T03:20:00Z,54.515,0.0
2023-05-05T03:25:00Z,54.627,0.0
2023-05-05T03:30:00Z,51.875,0.0
2023-05-05T03:35:00Z,61.18,0.0
2023-05-05T03:40:00Z,66.112,0.0
2023-05-05T03:45:00Z,68.761,0.0
2023-05-05T03:50:00Z,33.606,0.0
2023-05-05T03:55:00Z,34.571,0.0
2023-05-05T04:00:00Z,45.725,0.0
2023-05-05T04:05:00Z,34.369,0.0
2023-05-05T04:10:00Z,31.952,0.0
2023-05-05T04:15:00Z,38.817,0.0
2023-05-05T04:20:00Z,57.004,0.0
2023-05-05T04:25:00Z,54.663,0.0
2023-05-05T04:30:00Z,63.025,0.0
2023-05-05T04:35:00Z,69.208,0.0
2023-05-05T04:40:00Z,52.194,0.0
2023-05-05T04:45:00Z,34.035,0.0
2023-05-05T04:50:00Z,64.009,0.0
2023-05-05T04:55:00Z,47.812,0.0
2023-05-05T05:00:00Z,64.269,0.0
2023-05-05T05:05:00Z,78.372,0.0
2023-05-05T05:10:00Z,74.542,0.0
2023-05-05T05:15:00Z,72.893,0.0
2023-05-05T05:20:00Z,72.298,0.0
2023-05-05T05:25:00Z,53.665,0.0
2023-05-05T05:30:00Z,50.76,0.0
2023-05-05T05:35:00Z,43.923,0.0
2023-05-05T05:40:00Z,42.356,0.0
2023-05-05T05:45:00Z,47.774,0.0
2023-05-05T05:50:00Z,48.462,0.0
2023-05-05T05:55:00Z,45.845,0.0
2023-05-05T06:00:00Z,41.257,0.0
2023-05-05T06:05:00Z,43.417,0.0
2023-05-05T06:10:00Z,17.063,0.0
2023-05-05T06:15:00Z,25.544,0.0
2023-05-05T06:20:00Z,44.81,0.0
2023-05-05T06:25:00Z,54.44,0.0
2023-05-05T06:30:00Z,55.451,0.0
2023-05-05T06:35:00Z,49.774,0.0
2023-05-05T06:40:00Z,54.294,0.0
2023-05-05T06:45:00Z,48.146,0.0
2023-05-05T06:50:00Z,51.081,0.0
2023-05-05T06:55:00Z,53.831,0.0
2023-05-06T00:20:00Z,67.231,0.0
2023-05-06T00:25:00Z,65.871,0.0
2023-05-06T00:30:00Z,62.714,0.0
2023-05-06T00:35:00Z,62.856,0.0
2023-05-06T00:40:00Z,68.484,0.0
2023-05-06T00:45:00Z,73.566,0.0
2023-05-06T00:50:00Z,68.644,0.0
2023-05-06T00:55:00Z,56.572,0.0
2023-05-06T01:00:00Z,48.912,0.0
2023-05-06T01:05:00Z,74.463,0.0
2023-05-06T01:10:00Z,63.332,0.0
2023-05-06T01:15:00Z,68.801,0.0
2023-05-06T01:20:00Z,60.868,0.0
2023-05-06T01:25:00Z,65.545,0.0
2023-05-06T01:30:00Z,63.666,0.0
2023-05-06T01:35:00Z,43.27,0.0
2023-05-06T01:40:00Z,34.834,0.0
2023-05-06T01:45:00Z,15.846,0.0
2023-05-06T01:50:00Z,40.152,0.0
2023-05-06T01:55:00Z,46.075,0.0
2023-05-06T02:00:00Z,32.184,0.0
2023-05-06T02:05:00Z,48.233,0.0
2023-05-06T02:10:00Z,54.204,0.0
2023-05-06T02:15:00Z,23.615,0.0
2023-05-06T02:20:00Z,19.454,0.0
2023-05-06T02:25:00Z,41.214,0.0
2023-05-06T02:30:00Z,54.34,0.0
2023-05-06T02:35:00Z,40.4,0.0
2023-05-06T02:40:00Z,43.417,0.0
2023-05-06T02:45:00Z,48.976,0.0
2023-05-06T02:50:00Z,48.931,0.0
2023-05-06T02:55:00Z,44.894,0.0
2023-05-06T03:00:00Z,49.404,0.0
2023-05-06T03:05:00Z,51.433,0.0
2023-05-06T03:10:00Z,42.477,0.0
2023-05-06T03:15:00Z,46.206,0.0
2023-05-06T03:20:00Z,39.466,0.0
2023-05-06T03:25:00Z,37.933,0.0
2023-05-06T03:30:00Z,25.937,0.0
2023-05-06T03:35:00Z,25.36,0.0
2023-05-06T03:40:00Z,23.592,0.0
2023-05-06T03:45:00Z,23.504,0.0
2023-05-06T03:50:00Z,54.001,0.0
2023-05-06T03:55:00Z,37.454,0.0
2023-05-06T04:00:00Z,75.086,0.0
2023-05-06T04:05:00Z,90.2,0.0
2023-05-06T04:10:00Z,30.599,0.0
2023-05-06T04:15:00Z,15.713,0.0
2023-05-06T04:20:00Z,49.426,0.0
2023-05-06T04:25:00Z,49.952,0.0
2023-05-06T04:30:00Z,29.961,0.0
2023-05-06T04:35:00Z,46.717,0.0
2023-05-06T04:40:00Z,62.349,0.0
2023-05-06T04:45:00Z,58.012,0.0
2023-05-06T04:50:00Z,61.863,0.0
2023-05-06T04:55:00Z,54.813,0.0
2023-05-06T05:00:00Z,58.223,0.0
2023-05-06T05:05:00Z,61.277,0.0
2023-05-06T05:10:00Z,50.897,0.0
2023-05-06T05:15:00Z,36.257,0.0
2023-05-06T05:20:00Z,52.451,0.0
2023-05-06T05:25:00Z,39.327,0.0
2023-05-06T05:35:00Z,33.963,0.0
2023-05-06T05:40:00Z,29.187,0.0
2023-05-06T05:45:00Z,38.029,0.0
2023-05-06T05:50:00Z,17.631,0.0
2023-05-06T05:55:00Z,22.707,0.0
2023-05-06T06:00:00Z,31.065,0.0
2023-05-06T06:05:00Z,47.993,0.0
2023-05-06T06:10:00Z,53.101,0.0
2023-05-06T06:25:00Z,18.432,0.0
2023-05-06T06:30:00Z,34.101,0.0
2023-05-06T06:35:00Z,29.656,0.0
2023-05-06T06:40:00Z,27.479,0.0
2023-05-06T06:45:00Z,35.394,0.0
2023-05-06T06:50:00Z,18.557,0.0
2023-05-06T06:55:00Z,20.073,0.0
2023-05-06T07:00:00Z,20.528,0.0
2023-05-06T07:05:00Z,18.78,0.0
2023-05-06T07:10:00Z,12.654,0.0
2023-05-06T07:15:00Z,14.194,0.0
2023-05-07T01:55:00Z,65.334,0.0
2023-05-07T02:00:00Z,74.171,0.0
2023-05-07T02:05:00Z,82.145,0.0
2023-05-07T02:10:00Z,65.911,0.0
2023-05-07T02:15:00Z,68.587,0.0
2023-05-07T02:20:00Z,61.667,0.0
2023-05-07T02:25:00Z,60.209,0.0
2023-05-07T02:30:00Z,62.414,0.0
2023-05-07T02:35:00Z,46.985,0.0
2023-05-07T02:40:00Z,47.193,0.0
2023-05-07T02:45:00Z,73.96,0.0
2023-05-07T02:50:00Z,55.946,0.0
2023-05-07T02:55:00Z,51.277,0.0
2023-05-07T03:00:00Z,56.058,0.0
2023-05-07T03:05:00Z,53.488,0.0
2023-05-07T03:10:00Z,54.535,0.0
2023-05-07T03:15:00Z,48.712,0.0
2023-05-07T03:20:00Z,48.523,0.0
2023-05-07T03:25:00Z,48.141,0.0
2023-05-07T03:30:00Z,48.545,0.0
2023-05-07T03:35:00Z,55.166,0.0
2023-05-07T03:40:00Z,53.189,0.0
2023-05-07T03:45:00Z,62.661,0.0
2023-05-07T03:50:00Z,64.649,0.0
2023-05-07T03:55:00Z,73.713,0.0
2023-05-07T04:00:00Z,67.485,0.0
2023-05-07T04:05:00Z,60.614,0.0
2023-05-07T04:10:00Z,60.559,0.0
2023-05-07T04:15:00Z,64.437,0.0
2023-05-07T04:20:00Z,87.243,0.0
2023-05-07T04:25:00Z,58.557,0.0
2023-05-07T04:30:00Z,49.762,0.0
2023-05-07T04:35:00Z,38.171,0.0
2023-05-07T04:40:00Z,50.16,0.0
2023-05-07T04:45:00Z,74.579,0.0
2023-05-07T04:50:00Z,60.565,0.0
2023-05-07T04:55:00Z,51.739,0.0
2023-05-07T05:00:00Z,44.955,0.0
2023-05-07T05:05:00Z,55.657,0.0
2023-05-07T05:10:00Z,62.535,0.0
2023-05-07T05:15:00Z,63.968,0.0
2023-05-07T05:20:00Z,53.582,0.0
2023-05-07T05:25:00Z,62.314,0.0
2023-05-07T05:30:00Z,67.074,0.0
2023-05-07T05:35:00Z,82.074,0.0
2023-05-07T05:40:00Z,93.057,0.0
2023-05-07T05:45:00Z,70.807,0.0
2023-05-07T05:50:00Z,68.687,0.0
2023-05-07T05:55:00Z,62.387,0.0
2023-05-07T06:00:00Z,67.186,0.0
2023-05-07T06:05:00Z,66.28,0.0
2023-05-07T06:10:00Z,72.771,0.0
2023-05-07T06:15:00Z,80.272,0.0
2023-05-07T06:20:00Z,72.796,0.0
2023-05-07T06:25:00Z,72.541,0.0
2023-05-07T06:30:00Z,74.454,0.0
2023-05-07T06:35:00Z,87.921,0.0
2023-05-07T06:40:00Z,70.671,0.0
2023-05-07T06:45:00Z,67.009,0.0
2023-05-07T06:50:00Z,88.857,0.0
2023-05-07T06:55:00Z,79.458,0.0
2023-05-07T07:00:00Z,45.431,0.0
2023-05-07T07:05:00Z,35.021,0.0
2023-05-07T07:10:00Z,39.454,0.0
2023-05-07T07:15:00Z,54.682,0.0
2023-05-07T07:20:00Z,66.323,0.0
2023-05-07T07:25:00Z,70.053,0.0
2023-05-07T07:30:00Z,47.531,0.0
2023-05-07T07:35:00Z,52.873,0.0
2023-05-07T07:40:00Z,52.359,0.0
2023-05-07T07:45:00Z,47.861,0.0
2023-05-07T07:50:00Z,65.139,0.0
2023-05-07T07:55:00Z,70.741,0.0
2023-05-07T08:00:00Z,71.824,0.0
2023-05-07T08:05:00Z,59.505,0.0
2023-05-07T08:10:00Z,60.342,0.0
2023-05-07T08:15:00Z,58.478,0.0
2023-05-07T23:55:00Z,42.214,0.0
2023-05-08T00:00:00Z,44.591,0.0
2023-05-08T00:05:00Z,43.921,0.0
2023-05-08T00:10:00Z,45.124,0.0
2023-05-08T00:15:00Z,44.219,0.0
2023-05-08T00:20:00Z,43.84,0.0
2023-05-08T00:25:00Z,40.418,0.0
2023-05-08T00:30:00Z,43.538,0.0
2023-05-08T00:35:00Z,44.268,0.0
2023-05-08T00:40:00Z,42.743,0.0
2023-05-08T00:45:00Z,45.796,0.0
2023-05-08T00:50:00Z,46.803,0.0
2023-05-08T00:55:00Z,42.346,0.0
2023-05-08T01:00:00Z,52.376,0.0
2023-05-08T01:05:00Z,51.428,0.0
2023-05-08T01:10:00Z,49.821,0.0
2023-05-08T01:15:00Z,54.451,0.0
2023-05-08T01:20:00Z,47.301,0.0
2023-05-08T01:25:00Z,51.118,0.0
2023-05-08T01:30:00Z,53.727,0.0
2023-05-08T01:35:00Z,60.555,0.0
2023-05-08T01:40:00Z,58.613,0.0
2023-05-08T01:45:00Z,59.706,0.0
2023-05-08T01:50:00Z,56.66,0.0
2023-05-08T01:55:00Z,63.935,0.0
2023-05-08T02:00:00Z,64.51,0.0
2023-05-08T02:05:00Z,66.28,0.0
2023-05-08T02:10:00Z,79.682,0.0
2023-05-08T02:15:00Z,68.765,0.0
2023-05-08T02:20:00Z,66.187,0.0
2023-05-08T02:25:00Z,68.352,0.0
2023-05-08T02:30:00Z,73.425,0.0
2023-05-08T02:35:00Z,67.068,0.0
2023-05-08T02:40:00Z,55.67,0.0
2023-05-08T02:45:00Z,38.52,0.0
2023-05-08T02:50:00Z,60.029,0.0
2023-05-08T02:55:00Z,66.047,0.0
2023-05-08T03:00:00Z,73.446,0.0
2023-05-08T03:05:00Z,51.797,0.0
2023-05-08T03:10:00Z,75.465,0.0
2023-05-08T03:15:00Z,82.973,0.0
2023-05-08T03:20:00Z,50.537,0.0
2023-05-08T03:25:00Z,61.483,0.0
2023-05-08T03:30:00Z,53.113,0.0
2023-05-08T03:35:00Z,62.405,0.0
2023-05-08T03:40:00Z,63.233,0.0
2023-05-08T03:45:00Z,58.476,0.0
2023-05-08T03:50:00Z,52.934,0.0
2023-05-08T03:55:00Z,52.931,0.0
2023-05-08T04:00:00Z,67.096,0.0
2023-05-08T04:05:00Z,75.983,0.0
2023-05-08T04:10:00Z,63.606,0.0
2023-05-08T04:15:00Z,88.571,0.0
2023-05-08T04:20:00Z,78.433,0.0
2023-05-08T04:25:00Z,73.982,0.0
2023-05-08T04:30:00Z,73.157,0.0
2023-05-08T04:35:00Z,77.127,0.0
2023-05-08T04:40:00Z,69.471,0.0
2023-05-08T04:45:00Z,82.368,0.0
2023-05-08T04:50:00Z,71.834,0.0
2023-05-08T04:55:00Z,71.913,0.0
2023-05-08T05:00:00Z,73.611,0.0
2023-05-08T05:05:00Z,71.783,0.0
2023-05-08T05:10:00Z,65.552,0.0
2023-05-08T05:15:00Z,55.366,0.0
2023-05-08T05:20:00Z,71.491,0.0
2023-05-08T05:25:00Z,65.09,0.0
2023-05-08T05:30:00Z,86.429,0.0
2023-05-08T05:35:00Z,93.966,0.0
2023-05-08T05:40:00Z,99.87,0.0
2023-05-08T05:45:00Z,104.987,0.0
2023-05-08T05:50:00Z,93.067,0.0
2023-05-08T06:00:00Z,96.598,0.0
2023-05-08T06:05:00Z,96.953,0.0
2023-05-08T06:10:00Z,100.038,0.0
2023-05-08T06:15:00Z,72.488,0.0
2023-05-08T06:20:00Z,62.945,0.0
2023-05-08T06:25:00Z,71.319,0.0
2023-05-08T06:30:00Z,65.171,0.0
2023-05-08T06:35:00Z,76.411,0.0
2023-05-08T06:40:00Z,73.353,0.0
2023-05-08T06:45:00Z,71.069,0.0
2023-05-08T06:50:00Z,75.665,0.0
2023-05-08T06:55:00Z,58.337,0.0
2023-05-08T07:00:00Z,31.883,0.0
2023-05-08T21:55:00Z,42.716,0.0
2023-05-08T22:00:00Z,38.084,0.0
2023-05-08T22:05:00Z,39.037,0.0
2023-05-08T22:10:00Z,32.721,0.0
2023-05-08T22:15:00Z,34.821,0.0
2023-05-08T22:20:00Z,36.97,0.0
2023-05-08T22:25:00Z,33.331,0.0
2023-05-08T22:30:00Z,35.805,0.0
2023-05-08T22:35:00Z,44.055,0.0
2023-05-08T22:40:00Z,39.172,0.0
2023-05-08T22:45:00Z,36.341,0.0
2023-05-08T22:50:00Z,29.917,0.0
2023-05-08T22:55:00Z,29.498,0.0
2023-05-08T23:00:00Z,32.753,0.0
2023-05-08T23:05:00Z,36.95,0.0
2023-05-08T23:10:00Z,38.511,0.0
2023-05-08T23:15:00Z,39.691,0.0
2023-05-08T23:20:00Z,45.573,0.0
2023-05-08T23:35:00Z,35.124,0.0
2023-05-08T23:45:00Z,52.939,0.0
2023-05-08T23:50:00Z,44.308,0.0
2023-05-08T23:55:00Z,61.289,0.0
2023-05-09T00:00:00Z,63.884,0.0
2023-05-09T00:05:00Z,63.696,0.0
2023-05-09T00:10:00Z,57.946,0.0
2023-05-09T00:15:00Z,52.589,0.0
2023-05-09T00:20:00Z,49.487,0.0
2023-05-09T00:25:00Z,31.628,0.0
2023-05-09T00:30:00Z,15.061,0.0
2023-05-09T00:35:00Z,30.064,0.0
2023-05-09T00:40:00Z,26.642,0.0
2023-05-09T00:45:00Z,39.747,0.0
2023-05-09T00:50:00Z,44.929,0.0
2023-05-09T00:55:00Z,31.44,0.0
2023-05-09T01:00:00Z,32.443,0.0
2023-05-09T01:05:00Z,28.504,0.0
2023-05-09T01:10:00Z,25.744,0.0
2023-05-09T01:15:00Z,29.748,0.0
2023-05-09T01:20:00Z,38.657,0.0
2023-05-09T01:25:00Z,15.185,0.0
2023-05-09T01:30:00Z,26.322,0.0
2023-05-09T01:35:00Z,15.49,0.0
2023-05-09T01:40:00Z,9.654,0.0
2023-05-09T01:45:00Z,12.627,0.0
2023-05-09T01:50:00Z,20.485,0.0
2023-05-09T01:55:00Z,14.113,0.0
2023-05-09T02:00:00Z,12.051,0.0
2023-05-09T02:05:00Z,14.02,0.0
2023-05-09T02:10:00Z,14.766,0.0
2023-05-09T02:15:00Z,16.245,0.0
2023-05-09T02:20:00Z,14.746,0.0
2023-05-09T02:25:00Z,18.389,0.0
2023-05-09T02:30:00Z,20.132,0.0
2023-05-09T02:35:00Z,23.862,0.0
2023-05-09T02:40:00Z,17.296,0.0
2023-05-09T02:45:00Z,15.137,0.0
2023-05-09T02:50:00Z,14.523,0.0
2023-05-09T02:55:00Z,15.088,0.0
2023-05-09T03:00:00Z,15.967,0.0
2023-05-09T03:05:00Z,16.967,0.0
2023-05-09T03:10:00Z,20.281,0.0
2023-05-09T03:15:00Z,18.461,0.0
2023-05-09T03:20:00Z,19.812,0.0
2023-05-09T03:25:00Z,13.876,0.0
2023-05-09T03:30:00Z,14.029,0.0
2023-05-09T03:35:00Z,15.36,0.0
2023-05-09T03:40:00Z,16.121,0.0
2023-05-09T03:45:00Z,12.472,0.0
2023-05-09T03:50:00Z,14.624,0.0
2023-05-09T03:55:00Z,14.109,0.0
2023-05-09T04:00:00Z,15.313,0.0
2023-05-09T04:05:00Z,14.841,0.0
2023-05-09T04:10:00Z,14.901,0.0
2023-05-09T04:15:00Z,14.229,0.0
2023-05-09T04:20:00Z,13.599,0.0
2023-05-09T04:25:00Z,15.329,0.0
2023-05-09T04:30:00Z,24.25,0.0
2023-05-09T04:35:00Z,23.372,0.0
2023-05-09T04:40:00Z,24.034,0.0
2023-05-09T04:45:00Z,19.673,0.0
2023-05-09T04:50:00Z,23.541,0.0
2023-05-09T04:55:00Z,19.256,0.0
2023-05-09T05:00:00Z,15.648,0.0
2023-05-09T05:05:00Z,18.142,0.0
2023-05-09T05:10:00Z,21.598,0.0
2023-05-09T05:15:00Z,17.395,0.0
2023-05-09T05:20:00Z,23.293,0.0
2023-05-09T05:25:00Z,18.863,0.0
2023-05-09T05:30:00Z,28.373,0.0
2023-05-09T23:10:00Z,44.523,0.0
2023-05-09T23:15:00Z,52.28,0.0
2023-05-09T23:20:00Z,47.351,0.0
2023-05-09T23:25:00Z,58.055,0.0
2023-05-09T23:30:00Z,57.134,0.0
2023-05-09T23:35:00Z,59.609,0.0
2023-05-09T23:40:00Z,55.562,0.0
2023-05-09T23:45:00Z,56.351,0.0
2023-05-09T23:50:00Z,56.915,0.0
2023-05-09T23:55:00Z,59.601,0.0
2023-05-10T00:00:00Z,62.289,0.0
2023-05-10T00:05:00Z,65.868,0.0
2023-05-10T00:10:00Z,67.767,0.0
2023-05-10T00:15:00Z,66.86,0.0
2023-05-10T00:20:00Z,57.677,0.0
2023-05-10T00:25:00Z,50.818,0.0
2023-05-10T00:30:00Z,41.245,0.0
2023-05-10T00:35:00Z,51.72,0.0
2023-05-10T00:40:00Z,55.791,0.0
2023-05-10T00:45:00Z,50.016,0.0
2023-05-10T00:50:00Z,60.037,0.0
2023-05-10T00:55:00Z,49.531,0.0
2023-05-10T01:00:00Z,48.161,0.0
2023-05-10T01:05:00Z,43.27,0.0
2023-05-10T01:10:00Z,40.989,0.0
2023-05-10T01:15:00Z,35.544,0.0
2023-05-10T01:20:00Z,39.903,0.0
2023-05-10T01:25:00Z,28.342,0.0
2023-05-10T01:30:00Z,20.412,0.0
2023-05-10T01:35:00Z,51.277,0.0
2023-05-10T01:40:00Z,50.387,0.0
2023-05-10T01:45:00Z,56.119,0.0
2023-05-10T01:50:00Z,24.763,0.0
2023-05-10T01:55:00Z,25.867,0.0
2023-05-10T02:00:00Z,49.146,0.0
2023-05-10T02:05:00Z,15.38,0.0
2023-05-10T02:10:00Z,24.914,0.0
2023-05-10T02:15:00Z,63.369,0.0
2023-05-10T02:20:00Z,18.857,0.0
2023-05-10T02:25:00Z,25.765,0.0
2023-05-10T02:30:00Z,20.962,0.0
2023-05-10T02:35:00Z,27.345,0.0
2023-05-10T02:55:00Z,28.94,0.0
2023-05-10T03:00:00Z,22.997,0.0
2023-05-10T03:05:00Z,26.716,0.0
2023-05-10T03:10:00Z,16.313,0.0
2023-05-10T03:15:00Z,17.024,0.0
2023-05-10T03:20:00Z,16.283,0.0
2023-05-10T03:25:00Z,26.26,0.0
2023-05-10T03:30:00Z,14.429,0.0
2023-05-10T03:35:00Z,11.2,0.0
2023-05-10T03:40:00Z,11.734,0.0
2023-05-10T03:45:00Z,10.112,0.0
2023-05-10T03:50:00Z,13.287,0.0
2023-05-10T03:55:00Z,15.121,0.0
2023-05-10T04:00:00Z,27.316,0.0
2023-05-10T04:05:00Z,45.74,0.0
2023-05-10T04:10:00Z,74.988,0.0
2023-05-10T04:15:00Z,42.455,0.0
2023-05-10T04:20:00Z,51.359,0.0
2023-05-10T04:25:00Z,67.42,0.0
2023-05-10T04:30:00Z,84.555,0.0
2023-05-10T04:35:00Z,70.886,0.0
2023-05-10T04:40:00Z,18.119,0.0
2023-05-10T04:45:00Z,24.885,0.0
2023-05-10T05:35:00Z,92.007,0.0
2023-05-10T05:40:00Z,68.434,0.0
2023-05-10T05:45:00Z,72.34,0.0
2023-05-10T05:50:00Z,63.988,0.0
2023-05-10T05:55:00Z,64.92,0.0
2023-05-10T06:00:00Z,78.479,0.0
2023-05-10T06:05:00Z,34.289,0.0
2023-05-10T06:10:00Z,42.815,0.0
2023-05-10T06:15:00Z,39.34,0.0
2023-05-10T06:20:00Z,50.651,0.0
2023-05-10T06:25:00Z,40.073,0.0
2023-05-10T06:30:00Z,32.586,0.0
2023-05-10T06:35:00Z,26.612,0.0
2023-05-10T06:40:00Z,18.504,0.0
2023-05-10T06:45:00Z,24.228,0.0
2023-05-11T23:50:00Z,46.349,0.0
2023-05-11T23:55:00Z,44.229,0.0
2023-05-12T00:00:00Z,41.599,0.0
2023-05-12T00:05:00Z,36.311,0.0
2023-05-12T00:10:00Z,38.516,0.0
2023-05-12T00:15:00Z,39.182,0.0
2023-05-12T00:20:00Z,41.111,0.0
2023-05-12T00:25:00Z,40.877,0.0
2023-05-12T00:30:00Z,47.304,0.0
2023-05-12T00:35:00Z,48.633,0.0
2023-05-12T00:40:00Z,58.824,0.0
2023-05-12T00:45:00Z,62.668,0.0
2023-05-12T00:50:00Z,41.379,0.0
2023-05-12T00:55:00Z,42.932,0.0
2023-05-12T01:00:00Z,38.558,0.0
2023-05-12T01:05:00Z,39.231,0.0
2023-05-12T01:10:00Z,44.315,0.0
2023-05-12T01:15:00Z,59.41,0.0
2023-05-12T01:20:00Z,59.79,0.0
2023-05-12T01:25:00Z,51.265,0.0
2023-05-12T01:30:00Z,49.127,0.0
2023-05-12T01:35:00Z,48.676,0.0
2023-05-12T01:40:00Z,55.576,0.0
2023-05-12T01:45:00Z,64.965,0.0
2023-05-12T01:50:00Z,71.112,0.0
2023-05-12T01:55:00Z,76.608,0.0
2023-05-12T02:00:00Z,64.242,0.0
2023-05-12T02:05:00Z,68.61,0.0
2023-05-12T02:10:00Z,73.158,0.0
2023-05-12T02:15:00Z,71.321,0.0
2023-05-12T02:20:00Z,83.301,0.0
2023-05-12T02:25:00Z,64.17,0.0
2023-05-12T02:30:00Z,48.881,0.0
2023-05-12T02:35:00Z,51.966,0.0
2023-05-12T02:40:00Z,35.803,0.0
2023-05-12T02:45:00Z,26.484,0.0
2023-05-12T02:50:00Z,32.588,0.0
2023-05-12T02:55:00Z,35.006,0.0
2023-05-12T03:00:00Z,41.551,0.0
2023-05-12T03:05:00Z,39.02,0.0
2023-05-12T03:10:00Z,39.491,0.0
2023-05-12T03:15:00Z,44.131,0.0
2023-05-12T03:20:00Z,62.978,0.0
2023-05-12T03:25:00Z,53.386,0.0
2023-05-12T03:30:00Z,46.998,0.0
2023-05-12T03:35:00Z,37.091,0.0
2023-05-12T03:40:00Z,49.054,0.0
2023-05-12T03:45:00Z,31.896,0.0
2023-05-12T03:50:00Z,47.024,0.0
2023-05-12T03:55:00Z,50.612,0.0
2023-05-12T04:00:00Z,28.087,0.0
2023-05-12T04:05:00Z,39.071,0.0
2023-05-12T04:10:00Z,38.295,0.0
2023-05-12T04:15:00Z,41.304,0.0
2023-05-12T04:20:00Z,35.034,0.0
2023-05-12T04:25:00Z,34.633,0.0
2023-05-12T04:30:00Z,20.501,0.0
2023-05-12T04:35:00Z,29.889,0.0
2023-05-12T04:40:00Z,28.561,0.0
2023-05-12T04:45:00Z,33.091,0.0
2023-05-12T04:50:00Z,38.645,0.0
2023-05-12T04:55:00Z,24.731,0.0
2023-05-12T05:00:00Z,27.393,0.0
2023-05-12T05:05:00Z,41.608,0.0
2023-05-12T05:10:00Z,44.673,0.0
2023-05-12T05:15:00Z,49.69,0.0
2023-05-12T05:20:00Z,51.136,0.0
2023-05-12T05:25:00Z,47.592,0.0
2023-05-12T05:30:00Z,48.133,0.0
2023-05-12T05:35:00Z,49.432,0.0
2023-05-12T05:40:00Z,50.16,0.0
2023-05-12T05:45:00Z,42.581,0.0
2023-05-12T05:50:00Z,53.801,0.0
2023-05-12T05:55:00Z,43.601,0.0
2023-05-12T06:00:00Z,80.405,0.0
2023-05-12T06:05:00Z,32.301,0.0
2023-05-12T06:10:00Z,31.23,0.0
2023-05-12T06:15:00Z,17.645,0.0
2023-05-12T06:20:00Z,28.296,0.0
2023-05-12T06:25:00Z,17.77,0.0
2023-05-12T06:30:00Z,21.617,0.0
2023-05-12T06:35:00Z,12.328,0.0
2023-05-12T06:40:00Z,12.523,0.0
2023-05-12T06:45:00Z,17.574,0.0
2023-05-12T06:50:00Z,16.271,0.0
2023-05-12T06:55:00Z,15.417,0.0
2023-05-12T07:00:00Z,51.959,0.0
2023-05-12T22:55:00Z,48.346,0.0
2023-05-12T23:00:00Z,47.608,0.0
2023-05-12T23:05:00Z,44.405,0.0
2023-05-12T23:10:00Z,43.521,0.0
2023-05-12T23:15:00Z,44.235,0.0
2023-05-12T23:20:00Z,45.601,0.0
2023-05-12T23:25:00Z,45.118,0.0
2023-05-12T23:30:00Z,51.084,0.0
2023-05-12T23:35:00Z,48.796,0.0
2023-05-12T23:40:00Z,50.05,0.0
2023-05-12T23:45:00Z,51.331,0.0
2023-05-12T23:50:00Z,64.027,0.0
2023-05-12T23:55:00Z,58.286,0.0
2023-05-13T00:00:00Z,43.445,0.0
2023-05-13T00:05:00Z,45.365,0.0
2023-05-13T00:10:00Z,42.994,0.0
2023-05-13T00:15:00Z,44.092,0.0
2023-05-13T00:20:00Z,49.991,0.0
2023-05-13T00:25:00Z,47.324,0.0
2023-05-13T00:30:00Z,58.119,0.0
2023-05-13T00:35:00Z,55.652,0.0
2023-05-13T00:40:00Z,50.685,0.0
2023-05-13T00:45:00Z,50.98,0.0
2023-05-13T00:50:00Z,51.259,0.0
2023-05-13T00:55:00Z,56.326,0.0
2023-05-13T01:00:00Z,55.113,0.0
2023-05-13T01:05:00Z,60.085,0.0
2023-05-13T01:10:00Z,63.781,0.0
2023-05-13T01:15:00Z,59.176,0.0
2023-05-13T01:20:00Z,59.857,0.0
2023-05-13T01:25:00Z,61.404,0.0
2023-05-13T01:30:00Z,59.427,0.0
2023-05-13T01:35:00Z,50.89,0.0
2023-05-13T01:40:00Z,34.19,0.0
2023-05-13T01:45:00Z,38.921,0.0
2023-05-13T01:50:00Z,43.859,0.0
2023-05-13T01:55:00Z,38.999,0.0
2023-05-13T02:00:00Z,38.357,0.0
2023-05-13T02:05:00Z,35.007,0.0
2023-05-13T02:15:00Z,43.851,0.0
2023-05-13T02:20:00Z,46.205,0.0
2023-05-13T02:25:00Z,37.908,0.0
2023-05-13T02:30:00Z,40.577,0.0
2023-05-13T02:35:00Z,46.326,0.0
2023-05-13T02:40:00Z,47.573,0.0
2023-05-13T02:45:00Z,46.468,0.0
2023-05-13T02:50:00Z,51.842,0.0
2023-05-13T02:55:00Z,54.871,0.0
2023-05-13T03:00:00Z,50.649,0.0
2023-05-13T03:05:00Z,55.673,0.0
2023-05-13T03:10:00Z,51.43,0.0
2023-05-13T03:15:00Z,61.943,0.0
2023-05-13T03:20:00Z,66.518,0.0
2023-05-13T03:25:00Z,67.589,0.0
2023-05-13T03:30:00Z,71.332,0.0
2023-05-13T03:35:00Z,70.434,0.0
2023-05-13T03:40:00Z,51.995,0.0
2023-05-13T03:45:00Z,49.019,0.0
2023-05-13T03:50:00Z,50.281,0.0
2023-05-13T03:55:00Z,50.058,0.0
2023-05-13T04:00:00Z,39.685,0.0
2023-05-13T04:05:00Z,27.485,0.0
2023-05-13T04:10:00Z,59.007,0.0
2023-05-13T04:15:00Z,53.834,0.0
2023-05-13T04:20:00Z,45.466,0.0
2023-05-13T04:25:00Z,59.645,0.0
2023-05-13T04:30:00Z,57.869,0.0
2023-05-13T04:35:00Z,57.157,0.0
2023-05-13T04:40:00Z,55.56,0.0
2023-05-13T04:45:00Z,59.638,0.0
2023-05-13T04:50:00Z,59.764,0.0
2023-05-13T04:55:00Z,61.265,0.0
2023-05-13T05:00:00Z,52.805,0.0
2023-05-13T05:05:00Z,59.081,0.0
2023-05-13T05:10:00Z,57.557,0.0
2023-05-13T05:15:00Z,60.032,0.0
2023-05-13T05:20:00Z,66.566,0.0
2023-05-13T05:25:00Z,75.02,0.0
2023-05-13T05:30:00Z,74.916,0.0
2023-05-13T05:35:00Z,48.677,0.0
2023-05-13T05:40:00Z,52.731,0.0
2023-05-13T05:45:00Z,50.686,0.0
2023-05-13T05:50:00Z,48.062,0.0
2023-05-13T05:55:00Z,50.234,0.0
2023-05-13T06:00:00Z,55.583,0.0
2023-05-13T06:05:00Z,86.327,0.0
2023-05-13T06:10:00Z,69.129,0.0
2023-05-13T06:15:00Z,26.978,0.0
2023-05-13T06:20:00Z,32.429,0.0
2023-05-13T06:25:00Z,53.771,0.0
2023-05-13T06:30:00Z,64.336,0.0
2023-05-13T06:35:00Z,59.328,0.0
2023-05-13T06:40:00Z,56.626,0.0
2023-05-13T06:45:00Z,32.473,0.0
2023-05-13T06:50:00Z,24.87,0.0
2023-05-13T06:55:00Z,40.071,0.0
2023-05-13T07:00:00Z,60.059,0.0
2023-05-13T07:05:00Z,68.115,0.0
2023-05-13T07:10:00Z,69.613,0.0
2023-05-13T07:15:00Z,67.664,0.0
2023-05-13T07:20:00Z,61.17,0.0
2023-05-13T07:25:00Z,27.664,0.0
2023-05-13T07:30:00Z,32.504,0.0
2023-05-13T07:35:00Z,33.29,0.0
2023-05-13T07:40:00Z,28.394,0.0
2023-05-13T07:45:00Z,17.953,0.0
2023-05-14T00:15:00Z,44.203,0.0
2023-05-14T00:20:00Z,53.849,0.0
2023-05-14T00:25:00Z,50.845,0.0
2023-05-14T00:30:00Z,47.321,0.0
2023-05-14T00:35:00Z,51.766,0.0
2023-05-14T00:40:00Z,58.784,0.0
2023-05-14T00:45:00Z,59.707,0.0
2023-05-14T00:50:00Z,58.567,0.0
2023-05-14T00:55:00Z,48.544,0.0
2023-05-14T01:00:00Z,62.06,0.0
2023-05-14T01:05:00Z,42.768,0.0
2023-05-14T01:10:00Z,44.813,0.0
2023-05-14T01:15:00Z,39.789,0.0
2023-05-14T01:20:00Z,22.944,0.0
2023-05-14T01:25:00Z,39.897,0.0
2023-05-14T01:30:00Z,41.722,0.0
2023-05-14T01:35:00Z,36.832,0.0
2023-05-14T01:40:00Z,38.758,0.0
2023-05-14T01:45:00Z,35.841,0.0
2023-05-14T01:50:00Z,35.13,0.0
2023-05-14T01:55:00Z,37.443,0.0
2023-05-14T02:00:00Z,39.966,0.0
2023-05-14T02:05:00Z,39.692,0.0
2023-05-14T02:10:00Z,44.324,0.0
2023-05-14T02:15:00Z,45.522,0.0
2023-05-14T02:20:00Z,49.005,0.0
2023-05-14T02:25:00Z,56.155,0.0
2023-05-14T02:30:00Z,51.26,0.0
2023-05-14T02:35:00Z,61.657,0.0
2023-05-14T02:40:00Z,64.164,0.0
2023-05-14T02:45:00Z,56.681,0.0
2023-05-14T02:50:00Z,64.245,0.0
2023-05-14T02:55:00Z,55.479,0.0
2023-05-14T03:00:00Z,39.999,0.0
2023-05-14T03:05:00Z,56.749,0.0
2023-05-14T03:10:00Z,57.392,0.0
2023-05-14T03:15:00Z,34.069,0.0
2023-05-14T03:20:00Z,36.827,0.0
2023-05-14T03:35:00Z,55.903,0.0
2023-05-14T03:40:00Z,57.155,0.0
2023-05-14T03:45:00Z,44.045,0.0
2023-05-14T03:50:00Z,18.255,0.0
2023-05-14T03:55:00Z,13.533,0.0
2023-05-14T04:00:00Z,20.237,0.0
2023-05-14T04:05:00Z,42.017,0.0
2023-05-14T04:15:00Z,54.449,0.0
2023-05-14T04:20:00Z,58.306,0.0
2023-05-14T04:25:00Z,66.481,0.0
2023-05-14T04:30:00Z,51.705,0.0
2023-05-14T04:35:00Z,42.424,0.0
2023-05-14T04:40:00Z,25.628,0.0
2023-05-14T04:45:00Z,42.996,0.0
2023-05-14T04:50:00Z,43.122,0.0
2023-05-14T04:55:00Z,37.987,0.0
2023-05-14T05:00:00Z,50.428,0.0
2023-05-14T05:05:00Z,43.011,0.0
2023-05-14T05:10:00Z,55.876,0.0
2023-05-14T05:15:00Z,63.279,0.0
2023-05-14T05:20:00Z,70.104,0.0
2023-05-14T05:25:00Z,81.713,0.0
2023-05-14T05:30:00Z,27.919,0.0
2023-05-14T05:35:00Z,60.013,0.0
2023-05-14T05:40:00Z,74.505,0.0
2023-05-14T05:45:00Z,90.19,0.0
2023-05-14T05:50:00Z,68.156,0.0
2023-05-14T05:55:00Z,76.51,0.0
2023-05-14T06:00:00Z,72.424,0.0
2023-05-14T06:05:00Z,69.124,0.0
2023-05-14T06:10:00Z,64.79,0.0
2023-05-14T06:15:00Z,62.451,0.0
2023-05-14T06:20:00Z,65.348,0.0
2023-05-14T06:25:00Z,57.828,0.0
2023-05-14T06:30:00Z,57.197,0.0
2023-05-14T06:35:00Z,82.709,0.0
2023-05-14T06:40:00Z,83.349,0.0
2023-05-14T06:45:00Z,54.378,0.0
2023-05-14T06:50:00Z,59.843,0.0
2023-05-14T06:55:00Z,75.637,0.0
2023-05-14T07:00:00Z,77.527,0.0
2023-05-14T07:05:00Z,79.767,0.0
2023-05-14T07:10:00Z,66.923,0.0
2023-05-14T07:15:00Z,62.205,0.0
2023-05-14T07:20:00Z,73.089,0.0
2023-05-14T07:25:00Z,69.441,0.0
2023-05-14T07:30:00Z,85.351,0.0
2023-05-14T07:35:00Z,80.057,0.0
2023-05-14T07:40:00Z,71.358,0.0
2023-05-14T07:45:00Z,80.09,0.0
2023-05-14T07:50:00Z,80.648,0.0
2023-05-14T07:55:00Z,58.749,0.0
2023-05-14T08:00:00Z,61.644,0.0
2023-05-14T23:35:00Z,47.739,0.0
2023-05-14T23:40:00Z,54.406,0.0
2023-05-14T23:45:00Z,53.549,0.0
2023-05-14T23:50:00Z,50.852,0.0
2023-05-14T23:55:00Z,50.077,0.0
2023-05-15T00:00:00Z,41.921,0.0
2023-05-15T00:05:00Z,45.863,0.0
2023-05-15T00:10:00Z,43.429,0.0
2023-05-15T00:15:00Z,51.957,0.0
2023-05-15T00:20:00Z,52.661,0.0
2023-05-15T00:25:00Z,60.412,0.0
2023-05-15T00:30:00Z,54.795,0.0
2023-05-15T00:35:00Z,51.891,0.0
2023-05-15T00:40:00Z,53.859,0.0
2023-05-15T00:45:00Z,33.258,0.0
2023-05-15T00:50:00Z,45.461,0.0
2023-05-15T00:55:00Z,43.643,0.0
2023-05-15T01:00:00Z,56.199,0.0
2023-05-15T01:05:00Z,46.831,0.0
2023-05-15T01:10:00Z,42.916,0.0
2023-05-15T01:15:00Z,43.471,0.0
2023-05-15T01:20:00Z,46.532,0.0
2023-05-15T01:25:00Z,49.712,0.0
2023-05-15T01:30:00Z,54.224,0.0
2023-05-15T01:35:00Z,52.932,0.0
2023-05-15T01:40:00Z,57.567,0.0
2023-05-15T01:45:00Z,57.77,0.0
2023-05-15T01:50:00Z,60.201,0.0
2023-05-15T01:55:00Z,69.107,0.0
2023-05-15T02:00:00Z,73.319,0.0
2023-05-15T02:05:00Z,66.493,0.0
2023-05-15T02:10:00Z,80.317,0.0
2023-05-15T02:15:00Z,62.468,0.0
2023-05-15T02:20:00Z,57.531,0.0
2023-05-15T02:25:00Z,43.701,0.0
2023-05-15T02:30:00Z,42.768,0.0
2023-05-15T02:35:00Z,67.09,0.0
2023-05-15T02:40:00Z,63.559,0.0
2023-05-15T02:45:00Z,61.974,0.0
2023-05-15T02:50:00Z,53.279,0.0
2023-05-15T02:55:00Z,43.486,0.0
2023-05-15T03:00:00Z,49.492,0.0
2023-05-15T03:05:00Z,56.954,0.0
2023-05-15T03:10:00Z,63.222,0.0
2023-05-15T03:15:00Z,63.766,0.0
2023-05-15T03:20:00Z,73.156,0.0
2023-05-15T03:25:00Z,32.46,0.0
2023-05-15T03:30:00Z,17.026,0.0
2023-05-15T03:35:00Z,18.245,0.0
2023-05-15T03:40:00Z,32.979,0.0
2023-05-15T03:45:00Z,15.651,0.0
2023-05-15T03:50:00Z,71.419,0.0
2023-05-15T03:55:00Z,76.251,0.0
2023-05-15T04:00:00Z,56.278,0.0
2023-05-15T04:05:00Z,26.197,0.0
2023-05-15T04:10:00Z,34.033,0.0
2023-05-15T04:15:00Z,33.739,0.0
2023-05-15T04:20:00Z,39.386,0.0
2023-05-15T04:25:00Z,42.226,0.0
2023-05-15T04:30:00Z,33.791,0.0
2023-05-15T04:35:00Z,46.226,0.0
2023-05-15T04:40:00Z,19.878,0.0
2023-05-15T04:45:00Z,24.067,0.0
2023-05-15T04:50:00Z,20.856,0.0
2023-05-15T04:55:00Z,77.905,0.0
2023-05-15T05:00:00Z,34.093,0.0
2023-05-15T05:05:00Z,26.948,0.0
2023-05-15T05:10:00Z,31.176,0.0
2023-05-15T05:15:00Z,93.064,0.0
2023-05-15T05:20:00Z,83.048,0.0
2023-05-15T05:25:00Z,83.332,0.0
2023-05-15T05:30:00Z,87.51,0.0
2023-05-15T05:35:00Z,93.863,0.0
2023-05-15T05:40:00Z,94.558,0.0
2023-05-15T05:45:00Z,98.592,0.0
2023-05-15T05:50:00Z,87.2,0.0
2023-05-15T05:55:00Z,95.907,0.0
2023-05-15T06:00:00Z,66.271,0.0
2023-05-15T06:05:00Z,66.575,0.0
2023-05-15T06:10:00Z,47.587,0.0
2023-05-15T06:15:00Z,59.997,0.0
2023-05-15T06:20:00Z,49.309,0.0
2023-05-15T06:25:00Z,70.484,0.0
2023-05-15T23:20:00Z,69.017,0.0
2023-05-15T23:25:00Z,63.102,0.0
2023-05-15T23:30:00Z,57.413,0.0
2023-05-15T23:35:00Z,57.934,0.0
2023-05-15T23:40:00Z,61.429,0.0
2023-05-15T23:45:00Z,57.265,0.0
2023-05-15T23:50:00Z,57.296,0.0
2023-05-15T23:55:00Z,62.48,0.0
2023-05-16T00:00:00Z,76.036,0.0
2023-05-16T00:05:00Z,54.918,0.0
2023-05-16T00:10:00Z,63.401,0.0
2023-05-16T00:15:00Z,59.945,0.0
2023-05-16T00:20:00Z,40.011,0.0
2023-05-16T00:25:00Z,34.392,0.0
2023-05-16T00:30:00Z,35.754,0.0
2023-05-16T00:35:00Z,29.768,0.0
2023-05-16T00:40:00Z,31.496,0.0
2023-05-16T00:45:00Z,35.53,0.0
2023-05-16T00:50:00Z,32.143,0.0
2023-05-16T00:55:00Z,37.997,0.0
2023-05-16T01:00:00Z,33.103,0.0
2023-05-16T01:05:00Z,35.941,0.0
2023-05-16T01:10:00Z,32.682,0.0
2023-05-16T01:15:00Z,42.472,0.0
2023-05-16T01:20:00Z,55.247,0.0
2023-05-16T01:25:00Z,58.046,0.0
2023-05-16T01:30:00Z,44.504,0.0
2023-05-16T01:35:00Z,42.399,0.0
2023-05-16T01:40:00Z,46.847,0.0
2023-05-16T01:45:00Z,50.622,0.0
2023-05-16T01:50:00Z,54.116,0.0
2023-05-16T01:55:00Z,54.935,0.0
2023-05-16T02:00:00Z,51.014,0.0
2023-05-16T02:05:00Z,55.908,0.0
2023-05-16T02:10:00Z,57.688,0.0
2023-05-16T02:15:00Z,77.874,0.0
2023-05-16T02:20:00Z,47.752,0.0
2023-05-16T02:25:00Z,54.499,0.0
2023-05-16T02:30:00Z,53.093,0.0
2023-05-16T02:35:00Z,46.442,0.0
2023-05-16T02:40:00Z,46.765,0.0
2023-05-16T02:45:00Z,47.186,0.0
2023-05-16T02:50:00Z,64.293,0.0
2023-05-16T02:55:00Z,58.993,0.0
2023-05-16T03:00:00Z,53.939,0.0
2023-05-16T03:05:00Z,49.473,0.0
2023-05-16T03:10:00Z,60.996,0.0
2023-05-16T03:15:00Z,68.607,0.0
2023-05-16T03:20:00Z,62.801,0.0
2023-05-16T03:25:00Z,63.236,0.0
2023-05-16T03:30:00Z,65.48,0.0
2023-05-16T03:35:00Z,62.115,0.0
2023-05-16T03:40:00Z,67.335,0.0
2023-05-16T03:45:00Z,70.756,0.0
2023-05-16T03:50:00Z,73.639,0.0
2023-05-16T03:55:00Z,77.151,0.0
2023-05-16T04:00:00Z,55.464,0.0
2023-05-16T04:05:00Z,45.395,0.0
2023-05-16T04:10:00Z,54.935,0.0
2023-05-16T04:15:00Z,57.029,0.0
2023-05-16T04:20:00Z,47.133,0.0
2023-05-16T04:25:00Z,98.597,0.0
2023-05-16T04:30:00Z,55.822,0.0
2023-05-16T04:35:00Z,61.068,0.0
2023-05-16T04:40:00Z,68.686,0.0
2023-05-16T04:45:00Z,62.151,0.0
2023-05-16T04:50:00Z,61.949,0.0
2023-05-16T04:55:00Z,55.985,0.0
2023-05-16T05:00:00Z,55.508,0.0
2023-05-16T05:05:00Z,63.478,0.0
2023-05-16T05:10:00Z,63.137,0.0
2023-05-16T05:15:00Z,62.847,0.0
2023-05-16T05:20:00Z,65.774,0.0
2023-05-16T05:25:00Z,63.667,0.0
2023-05-16T05:30:00Z,78.024,0.0
2023-05-16T05:55:00Z,71.71,0.0
2023-05-16T06:00:00Z,74.748,0.0
2023-05-16T06:05:00Z,95.787,0.0
2023-05-16T06:10:00Z,94.286,0.0
2023-05-16T06:15:00Z,83.764,0.0
2023-05-16T06:20:00Z,80.397,0.0
2023-05-16T06:25:00Z,77.283,0.0
2023-05-16T06:30:00Z,67.397,0.0
2023-05-16T06:35:00Z,65.823,0.0
2023-05-16T06:40:00Z,73.868,0.0
2023-05-17T00:00:00Z,79.197,0.0
2023-05-17T00:05:00Z,72.196,0.0
2023-05-17T00:10:00Z,61.183,0.0
2023-05-17T00:15:00Z,55.199,0.0
2023-05-17T00:20:00Z,51.726,0.0
2023-05-17T00:25:00Z,56.863,0.0
2023-05-17T00:30:00Z,58.726,0.0
2023-05-17T00:35:00Z,58.653,0.0
2023-05-17T00:40:00Z,69.899,0.0
2023-05-17T00:45:00Z,68.363,0.0
2023-05-17T00:50:00Z,66.133,0.0
2023-05-17T00:55:00Z,64.85,0.0
2023-05-17T01:00:00Z,50.426,0.0
2023-05-17T01:05:00Z,29.57,0.0
2023-05-17T01:10:00Z,46.983,0.0
2023-05-17T01:15:00Z,50.424,0.0
2023-05-17T01:20:00Z,45.343,0.0
2023-05-17T01:25:00Z,45.793,0.0
2023-05-17T01:30:00Z,37.169,0.0
2023-05-17T01:35:00Z,41.133,0.0
2023-05-17T01:40:00Z,39.87,0.0
2023-05-17T01:45:00Z,41.04,0.0
2023-05-17T01:50:00Z,39.439,0.0
2023-05-17T01:55:00Z,47.608,0.0
2023-05-17T02:00:00Z,54.293,0.0
2023-05-17T02:05:00Z,56.219,0.0
2023-05-17T02:10:00Z,65.876,0.0
2023-05-17T02:15:00Z,44.378,0.0
2023-05-17T02:20:00Z,66.7,0.0
2023-05-17T02:25:00Z,61.604,0.0
2023-05-17T02:30:00Z,64.677,0.0
2023-05-17T02:35:00Z,63.399,0.0
2023-05-17T02:40:00Z,55.034,0.0
2023-05-17T02:45:00Z,56.281,0.0
2023-05-17T02:50:00Z,54.575,0.0
2023-05-17T02:55:00Z,72.483,0.0
2023-05-17T03:00:00Z,69.7,0.0
2023-05-17T03:05:00Z,64.691,0.0
2023-05-17T03:10:00Z,56.23,0.0
2023-05-17T03:15:00Z,37.663,0.0
2023-05-17T03:20:00Z,42.628,0.0
2023-05-17T03:25:00Z,45.484,0.0
2023-05-17T03:30:00Z,60.39,0.0
2023-05-17T03:35:00Z,53.281,0.0
2023-05-17T03:40:00Z,79.474,0.0
2023-05-17T03:45:00Z,63.86,0.0
2023-05-17T03:50:00Z,75.543,0.0
2023-05-17T03:55:00Z,47.124,0.0
2023-05-17T04:00:00Z,54.564,0.0
2023-05-17T04:05:00Z,69.966,0.0
2023-05-17T04:10:00Z,64.164,0.0
2023-05-17T04:15:00Z,69.562,0.0
2023-05-17T04:20:00Z,62.813,0.0
2023-05-17T04:25:00Z,65.655,0.0
2023-05-17T04:30:00Z,66.026,0.0
2023-05-17T04:35:00Z,62.003,0.0
2023-05-17T04:40:00Z,67.38,0.0
2023-05-17T04:45:00Z,69.939,0.0
2023-05-17T04:50:00Z,64.875,0.0
2023-05-17T04:55:00Z,62.529,0.0
2023-05-17T05:00:00Z,78.516,0.0
2023-05-17T05:05:00Z,65.274,0.0
2023-05-17T05:10:00Z,57.85,0.0
2023-05-17T05:15:00Z,66.275,0.0
2023-05-17T05:20:00Z,78.349,0.0
2023-05-17T05:25:00Z,68.324,0.0
2023-05-17T05:30:00Z,63.605,0.0
2023-05-17T05:35:00Z,75.389,0.0
2023-05-17T05:40:00Z,63.663,0.0
2023-05-17T05:45:00Z,60.675,0.0
2023-05-17T05:50:00Z,66.992,0.0
2023-05-17T05:55:00Z,62.695,0.0
2023-05-17T06:00:00Z,53.673,0.0
2023-05-17T06:30:00Z,58.522,0.0
2023-05-17T06:35:00Z,52.725,0.0
2023-05-17T06:40:00Z,58.487,0.0
2023-05-17T06:45:00Z,23.913,0.0
2023-05-17T06:50:00Z,32.746,0.0
2023-05-17T06:55:00Z,65.012,0.0
2023-05-17T21:50:00Z,37.615,0.0
2023-05-17T21:55:00Z,49.915,0.0
2023-05-17T22:00:00Z,49.834,0.0
2023-05-17T22:05:00Z,49.495,0.0
2023-05-17T22:10:00Z,50.773,0.0
2023-05-17T22:15:00Z,49.676,0.0
2023-05-17T22:35:00Z,49.232,0.0
2023-05-17T22:40:00Z,45.351,0.0
2023-05-17T22:45:00Z,44.849,0.0
2023-05-17T22:50:00Z,38.325,0.0
2023-05-17T22:55:00Z,41.439,0.0
2023-05-17T23:00:00Z,34.486,0.0
2023-05-17T23:05:00Z,26.049,0.0
2023-05-17T23:10:00Z,27.355,0.0
2023-05-17T23:15:00Z,23.963,0.0
2023-05-17T23:20:00Z,30.407,0.0
2023-05-17T23:25:00Z,34.464,0.0
2023-05-17T23:30:00Z,37.222,0.0
2023-05-17T23:35:00Z,39.518,0.0
2023-05-17T23:40:00Z,48.716,0.0
2023-05-17T23:45:00Z,43.771,0.0
2023-05-17T23:50:00Z,53.848,0.0
2023-05-17T23:55:00Z,47.965,0.0
2023-05-18T00:00:00Z,44.121,0.0
2023-05-18T00:05:00Z,46.857,0.0
2023-05-18T00:10:00Z,49.605,0.0
2023-05-18T00:15:00Z,51.483,0.0
2023-05-18T00:20:00Z,63.829,0.0
2023-05-18T00:25:00Z,55.489,0.0
2023-05-18T00:30:00Z,50.683,0.0
2023-05-18T00:35:00Z,50.82,0.0
2023-05-18T00:40:00Z,49.516,0.0
2023-05-18T00:45:00Z,49.012,0.0
2023-05-18T00:50:00Z,46.881,0.0
2023-05-18T00:55:00Z,45.443,0.0
2023-05-18T01:00:00Z,44.393,0.0
2023-05-18T01:05:00Z,43.126,0.0
2023-05-18T01:10:00Z,39.383,0.0
2023-05-18T01:15:00Z,24.264,0.0
2023-05-18T01:20:00Z,23.063,0.0
2023-05-18T01:25:00Z,17.693,0.0
2023-05-18T01:30:00Z,32.367,0.0
2023-05-18T01:35:00Z,37.007,0.0
2023-05-18T01:40:00Z,39.578,0.0
2023-05-18T01:45:00Z,34.332,0.0
2023-05-18T01:50:00Z,35.164,0.0
2023-05-18T01:55:00Z,37.534,0.0
2023-05-18T02:00:00Z,39.271,0.0
2023-05-18T02:05:00Z,44.725,0.0
2023-05-18T02:10:00Z,45.211,0.0
2023-05-18T02:15:00Z,48.049,0.0
2023-05-18T02:20:00Z,40.789,0.0
2023-05-18T02:25:00Z,43.927,0.0
2023-05-18T02:30:00Z,45.07,0.0
2023-05-18T02:35:00Z,44.591,0.0
2023-05-18T02:40:00Z,46.796,0.0
2023-05-18T02:45:00Z,47.754,0.0
2023-05-18T02:50:00Z,48.7,0.0
2023-05-18T02:55:00Z,47.834,0.0
2023-05-18T03:00:00Z,51.217,0.0
2023-05-18T03:05:00Z,51.406,0.0
2023-05-18T03:10:00Z,50.307,0.0
2023-05-18T03:15:00Z,49.296,0.0
2023-05-18T03:20:00Z,36.508,0.0
2023-05-18T03:25:00Z,38.133,0.0
2023-05-18T03:30:00Z,38.833,0.0
2023-05-18T03:35:00Z,63.022,0.0
2023-05-18T03:40:00Z,43.878,0.0
2023-05-18T03:45:00Z,50.558,0.0
2023-05-18T03:50:00Z,65.549,0.0
2023-05-18T03:55:00Z,56.737,0.0
2023-05-18T04:00:00Z,54.895,0.0
2023-05-18T04:05:00Z,55.746,0.0
2023-05-18T04:10:00Z,38.816,0.0
2023-05-18T04:15:00Z,42.097,0.0
2023-05-18T04:20:00Z,42.572,0.0
2023-05-18T04:25:00Z,34.305,0.0
2023-05-18T04:30:00Z,57.84,0.0
2023-05-18T04:35:00Z,56.435,0.0
2023-05-18T04:40:00Z,73.148,0.0
2023-05-18T04:45:00Z,36.212,0.0
2023-05-18T04:50:00Z,34.361,0.0
2023-05-18T04:55:00Z,57.586,0.0
2023-05-18T05:00:00Z,46.0,0.0
2023-05-18T05:05:00Z,34.258,0.0
2023-05-18T05:20:00Z,51.101,0.0
2023-05-18T05:25:00Z,54.396,0.0
2023-05-18T05:30:00Z,72.674,0.0
2023-05-18T05:35:00Z,65.135,0.0
2023-05-18T05:40:00Z,69.555,0.0
2023-05-18T05:45:00Z,66.403,0.0
2023-05-18T05:55:00Z,58.309,0.0
2023-05-18T06:00:00Z,55.46,0.0
2023-05-18T06:05:00Z,59.107,0.0
2023-05-18T06:10:00Z,52.336,0.0
2023-05-18T06:15:00Z,57.337,0.0
2023-05-18T06:20:00Z,64.539,0.0
2023-05-18T06:25:00Z,50.517,0.0
2023-05-18T06:30:00Z,52.522,0.0
2023-05-19T00:45:00Z,83.534,0.0
2023-05-19T00:50:00Z,8.428,0.0
2023-05-19T00:55:00Z,6.911,0.0
2023-05-19T01:00:00Z,7.255,0.0
2023-05-19T01:05:00Z,56.615,0.0
2023-05-19T01:10:00Z,62.097,0.0
2023-05-19T01:15:00Z,61.546,0.0
2023-05-19T01:20:00Z,59.472,0.0
2023-05-19T01:25:00Z,45.526,0.0
2023-05-19T01:30:00Z,16.435,0.0
2023-05-19T01:35:00Z,61.116,0.0
2023-05-19T01:40:00Z,56.778,0.0
2023-05-19T01:45:00Z,53.837,0.0
2023-05-19T01:50:00Z,55.109,0.0
2023-05-19T01:55:00Z,57.446,0.0
2023-05-19T02:00:00Z,68.7,0.0
2023-05-19T02:05:00Z,49.211,0.0
2023-05-19T02:10:00Z,42.987,0.0
2023-05-19T02:15:00Z,40.706,0.0
2023-05-19T02:20:00Z,67.264,0.0
2023-05-19T02:25:00Z,73.973,0.0
2023-05-19T02:30:00Z,76.013,0.0
2023-05-19T02:35:00Z,65.96,0.0
2023-05-19T02:40:00Z,59.649,0.0
2023-05-19T02:45:00Z,61.444,0.0
2023-05-19T02:50:00Z,54.307,0.0
2023-05-19T02:55:00Z,61.213,0.0
2023-05-19T03:00:00Z,59.576,0.0
2023-05-19T03:05:00Z,67.478,0.0
2023-05-19T03:10:00Z,80.239,0.0
2023-05-19T03:15:00Z,79.305,0.0
2023-05-19T03:20:00Z,82.336,0.0
2023-05-19T03:25:00Z,86.195,0.0
2023-05-19T03:30:00Z,73.604,0.0
2023-05-19T03:35:00Z,92.928,0.0
2023-05-19T03:40:00Z,71.561,0.0
2023-05-19T03:45:00Z,88.568,0.0
2023-05-19T03:50:00Z,61.97,0.0
2023-05-19T03:55:00Z,64.383,0.0
2023-05-19T04:00:00Z,64.32,0.0
2023-05-19T04:05:00Z,57.287,0.0
2023-05-19T04:10:00Z,32.933,0.0
2023-05-19T04:15:00Z,52.79,0.0
2023-05-19T04:20:00Z,65.429,0.0
2023-05-19T04:25:00Z,64.972,0.0
2023-05-19T04:30:00Z,65.506,0.0
2023-05-19T04:35:00Z,49.73,0.0
2023-05-19T04:40:00Z,66.372,0.0
2023-05-19T04:45:00Z,37.684,0.0
2023-05-19T04:50:00Z,14.966,0.0
2023-05-19T04:55:00Z,20.519,0.0
2023-05-19T05:00:00Z,28.071,0.0
2023-05-19T05:05:00Z,23.82,0.0
2023-05-19T05:10:00Z,19.265,0.0
2023-05-19T05:15:00Z,79.974,0.0
2023-05-19T05:20:00Z,77.955,0.0
2023-05-19T05:25:00Z,83.047,0.0
2023-05-19T05:30:00Z,81.096,0.0
2023-05-19T05:35:00Z,89.844,0.0
2023-05-19T05:40:00Z,83.181,0.0
2023-05-19T05:45:00Z,89.497,0.0
2023-05-19T05:50:00Z,87.512,0.0
2023-05-19T05:55:00Z,86.571,0.0
2023-05-19T06:00:00Z,79.985,0.0
2023-05-19T06:05:00Z,85.672,0.0
2023-05-19T06:10:00Z,64.156,0.0
2023-05-19T06:15:00Z,47.747,0.0
2023-05-19T06:20:00Z,41.8,0.0
2023-05-19T06:25:00Z,47.229,0.0
2023-05-19T06:30:00Z,29.32,0.0
2023-05-19T06:35:00Z,28.861,0.0
2023-05-19T06:40:00Z,54.025,0.0
2023-05-19T06:45:00Z,69.614,0.0
2023-05-19T22:45:00Z,37.465,0.0
2023-05-19T22:50:00Z,51.009,0.0
2023-05-19T22:55:00Z,45.129,0.0
2023-05-19T23:00:00Z,42.948,0.0
2023-05-19T23:05:00Z,21.481,0.0
2023-05-19T23:10:00Z,35.13,0.0
2023-05-19T23:15:00Z,26.778,0.0
2023-05-19T23:20:00Z,43.151,0.0
2023-05-19T23:25:00Z,45.189,0.0
2023-05-19T23:30:00Z,48.174,0.0
2023-05-19T23:35:00Z,38.959,0.0
2023-05-19T23:40:00Z,50.048,0.0
2023-05-19T23:45:00Z,47.907,0.0
2023-05-19T23:50:00Z,59.266,0.0
2023-05-19T23:55:00Z,55.695,0.0
2023-05-20T00:00:00Z,60.951,0.0
2023-05-20T00:05:00Z,35.963,0.0
2023-05-20T00:10:00Z,34.379,0.0
2023-05-20T00:15:00Z,35.9,0.0
2023-05-20T00:20:00Z,37.364,0.0
2023-05-20T00:25:00Z,33.202,0.0
2023-05-20T00:30:00Z,37.297,0.0
2023-05-20T00:35:00Z,33.942,0.0
2023-05-20T00:40:00Z,34.609,0.0
2023-05-20T00:45:00Z,49.637,0.0
2023-05-20T00:50:00Z,30.065,0.0
2023-05-20T00:55:00Z,22.128,0.0
2023-05-20T01:00:00Z,15.473,0.0
2023-05-20T01:05:00Z,19.463,0.0
2023-05-20T01:10:00Z,29.827,0.0
2023-05-20T01:15:00Z,33.821,0.0
2023-05-20T01:20:00Z,30.824,0.0
2023-05-20T01:25:00Z,30.042,0.0
2023-05-20T01:30:00Z,28.837,0.0
2023-05-20T01:35:00Z,35.743,0.0
2023-05-20T01:40:00Z,39.567,0.0
2023-05-20T01:45:00Z,44.838,0.0
2023-05-20T01:50:00Z,41.706,0.0
2023-05-20T01:55:00Z,43.783,0.0
2023-05-20T02:00:00Z,47.025,0.0
2023-05-20T02:05:00Z,51.327,0.0
2023-05-20T02:10:00Z,46.747,0.0
2023-05-20T02:15:00Z,47.012,0.0
2023-05-20T02:20:00Z,52.335,0.0
2023-05-20T02:25:00Z,69.443,0.0
2023-05-20T02:30:00Z,67.303,0.0
2023-05-20T02:35:00Z,67.363,0.0
2023-05-20T02:40:00Z,37.41,0.0
2023-05-20T02:45:00Z,41.207,0.0
2023-05-20T02:50:00Z,44.477,0.0
2023-05-20T02:55:00Z,48.595,0.0
2023-05-20T03:00:00Z,47.373,0.0
2023-05-20T03:05:00Z,40.279,0.0
2023-05-20T03:10:00Z,42.045,0.0
2023-05-20T03:15:00Z,41.769,0.0
2023-05-20T03:20:00Z,38.786,0.0
2023-05-20T03:25:00Z,37.787,0.0
2023-05-20T03:30:00Z,42.959,0.0
2023-05-20T03:35:00Z,44.161,0.0
2023-05-20T03:40:00Z,37.652,0.0
2023-05-20T03:45:00Z,41.776,0.0
2023-05-20T03:50:00Z,40.433,0.0
2023-05-20T03:55:00Z,50.305,0.0
2023-05-20T04:00:00Z,52.376,0.0
2023-05-20T04:05:00Z,42.684,0.0
2023-05-20T04:10:00Z,38.35,0.0
2023-05-20T04:15:00Z,47.163,0.0
2023-05-20T04:20:00Z,36.605,0.0
2023-05-20T04:25:00Z,49.769,0.0
2023-05-20T04:30:00Z,46.933,0.0
2023-05-20T04:35:00Z,48.332,0.0
2023-05-20T04:40:00Z,52.17,0.0
2023-05-20T04:45:00Z,68.014,0.0
2023-05-20T04:50:00Z,53.392,0.0
2023-05-20T04:55:00Z,48.08,0.0
2023-05-20T05:10:00Z,81.11,0.0
2023-05-20T05:15:00Z,64.587,0.0
2023-05-20T05:20:00Z,66.691,0.0
2023-05-20T05:25:00Z,68.369,0.0
2023-05-20T05:30:00Z,65.159,0.0
2023-05-20T05:35:00Z,70.269,0.0
2023-05-20T05:40:00Z,72.916,0.0
2023-05-20T05:45:00Z,74.674,0.0
2023-05-20T05:50:00Z,76.9,0.0
2023-05-20T05:55:00Z,72.418,0.0
2023-05-20T06:00:00Z,76.934,0.0
2023-05-20T06:05:00Z,52.127,0.0
2023-05-20T06:10:00Z,46.178,0.0
2023-05-20T06:15:00Z,41.969,0.0
2023-05-20T06:20:00Z,48.063,0.0
2023-05-20T06:25:00Z,62.004,0.0
2023-05-20T06:30:00Z,54.238,0.0
2023-05-20T06:35:00Z,53.421,0.0
2023-05-20T06:40:00Z,48.89,0.0
2023-05-20T06:45:00Z,47.479,0.0
2023-05-20T06:50:00Z,52.586,0.0
2023-05-20T06:55:00Z,58.201,0.0
2023-05-20T07:00:00Z,66.937,0.0
2023-05-20T07:05:00Z,61.991,0.0
2023-05-20T07:10:00Z,90.08,0.0
2023-05-20T07:15:00Z,71.621,0.0
2023-05-20T07:20:00Z,57.35,0.0
2023-05-20T07:25:00Z,61.739,0.0
2023-05-20T07:30:00Z,102.517,0.0
2023-05-20T07:35:00Z,67.545,0.0
2023-05-20T07:40:00Z,81.056,0.0
2023-05-20T07:45:00Z,19.709,0.0
2023-05-20T07:50:00Z,21.632,0.0
2023-05-20T07:55:00Z,55.186,0.0
2023-05-20T08:00:00Z,62.437,0.0
2023-05-20T08:05:00Z,60.384,0.0
2023-05-20T23:00:00Z,53.969,0.0
2023-05-20T23:05:00Z,51.716,0.0
2023-05-20T23:10:00Z,50.31,0.0
2023-05-20T23:15:00Z,51.286,0.0
2023-05-20T23:20:00Z,41.712,0.0
2023-05-20T23:25:00Z,38.504,0.0
2023-05-20T23:30:00Z,41.385,0.0
2023-05-20T23:35:00Z,38.273,0.0
2023-05-20T23:40:00Z,39.828,0.0
2023-05-20T23:45:00Z,40.506,0.0
2023-05-20T23:50:00Z,53.537,0.0
2023-05-20T23:55:00Z,53.197,0.0
2023-05-21T00:00:00Z,27.535,0.0
2023-05-21T00:05:00Z,37.786,0.0
2023-05-21T00:10:00Z,26.403,0.0
2023-05-21T00:15:00Z,41.871,0.0
2023-05-21T00:20:00Z,38.468,0.0
2023-05-21T00:25:00Z,32.483,0.0
2023-05-21T00:30:00Z,42.628,0.0
2023-05-21T00:35:00Z,42.471,0.0
2023-05-21T00:40:00Z,46.422,0.0
2023-05-21T00:45:00Z,50.945,0.0
2023-05-21T00:50:00Z,47.92,0.0
2023-05-21T00:55:00Z,55.347,0.0
2023-05-21T01:00:00Z,47.443,0.0
2023-05-21T01:05:00Z,44.266,0.0
2023-05-21T01:10:00Z,40.745,0.0
2023-05-21T01:15:00Z,43.82,0.0
2023-05-21T01:20:00Z,44.358,0.0
2023-05-21T01:25:00Z,49.911,0.0
2023-05-21T01:30:00Z,47.803,0.0
2023-05-21T01:35:00Z,46.4,0.0
2023-05-21T01:40:00Z,25.464,0.0
2023-05-21T01:45:00Z,15.932,0.0
2023-05-21T01:50:00Z,27.87,0.0
2023-05-21T01:55:00Z,29.062,0.0
2023-05-21T02:00:00Z,33.182,0.0
2023-05-21T02:05:00Z,41.308,0.0
2023-05-21T02:10:00Z,38.168,0.0
2023-05-21T02:15:00Z,31.629,0.0
2023-05-21T02:20:00Z,31.173,0.0
2023-05-21T02:25:00Z,29.684,0.0
2023-05-21T02:30:00Z,31.959,0.0
2023-05-21T02:35:00Z,35.032,0.0
2023-05-21T02:40:00Z,34.87,0.0
2023-05-21T02:45:00Z,35.238,0.0
2023-05-21T02:50:00Z,42.751,0.0
2023-05-21T02:55:00Z,48.197,0.0
2023-05-21T03:00:00Z,44.525,0.0
2023-05-21T03:05:00Z,38.378,0.0
2023-05-21T03:10:00Z,46.337,0.0
2023-05-21T03:15:00Z,44.745,0.0
2023-05-21T03:20:00Z,38.459,0.0
2023-05-21T03:25:00Z,44.592,0.0
2023-05-21T03:30:00Z,45.509,0.0
2023-05-21T03:35:00Z,25.918,0.0
2023-05-21T03:40:00Z,18.924,0.0
2023-05-21T03:45:00Z,14.034,0.0
2023-05-21T03:50:00Z,30.904,0.0
2023-05-21T03:55:00Z,40.984,0.0
2023-05-21T04:00:00Z,36.014,0.0
2023-05-21T04:05:00Z,32.683,0.0
2023-05-21T04:10:00Z,39.328,0.0
2023-05-21T04:15:00Z,42.033,0.0
2023-05-21T04:20:00Z,57.272,0.0
2023-05-21T04:25:00Z,50.881,0.0
2023-05-21T04:30:00Z,39.449,0.0
2023-05-21T04:35:00Z,38.473,0.0
2023-05-21T04:40:00Z,40.8,0.0
2023-05-21T04:45:00Z,38.833,0.0
2023-05-21T04:50:00Z,43.871,0.0
2023-05-21T04:55:00Z,55.298,0.0
2023-05-21T05:00:00Z,32.814,0.0
2023-05-21T05:05:00Z,30.307,0.0
2023-05-21T05:10:00Z,62.932,0.0
2023-05-21T05:15:00Z,53.966,0.0
2023-05-21T05:20:00Z,45.514,0.0
2023-05-21T05:25:00Z,46.665,0.0
2023-05-21T05:30:00Z,46.918,0.0
2023-05-21T05:35:00Z,44.375,0.0
2023-05-21T05:40:00Z,48.896,0.0
2023-05-21T05:45:00Z,48.916,0.0
2023-05-21T05:50:00Z,56.295,0.0
2023-05-21T05:55:00Z,50.035,0.0
2023-05-21T06:00:00Z,48.541,0.0
2023-05-21T06:05:00Z,21.736,0.0
2023-05-21T06:10:00Z,21.031,0.0
2023-05-21T06:15:00Z,38.227,0.0
2023-05-21T06:20:00Z,52.976,0.0
2023-05-21T06:25:00Z,18.489,0.0
2023-05-21T06:30:00Z,61.425,0.0
2023-05-21T06:35:00Z,69.606,0.0
2023-05-21T06:40:00Z,65.955,0.0
2023-05-21T06:45:00Z,60.582,0.0
2023-05-21T06:50:00Z,77.906,0.0
2023-05-21T06:55:00Z,78.812,0.0
2023-05-21T07:00:00Z,72.168,0.0
2023-05-21T07:05:00Z,73.799,0.0
2023-05-21T07:10:00Z,72.112,0.0
2023-05-21T07:15:00Z,83.092,0.0
2023-05-21T07:20:00Z,82.664,0.0
2023-05-21T07:25:00Z,73.209,0.0
2023-05-21T07:30:00Z,71.57,0.0
2023-05-21T07:35:00Z,54.122,0.0
2023-05-21T07:40:00Z,52.617,0.0
2023-05-21T07:45:00Z,55.152,0.0
2023-05-21T07:50:00Z,72.748,0.0
2023-05-21T07:55:00Z,83.751,0.0
2023-05-21T08:00:00Z,65.093,0.0
2023-05-21T08:05:00Z,74.401,0.0
2023-05-21T08:10:00Z,67.53,0.0
2023-05-21T08:15:00Z,56.312,0.0
2023-05-21T08:20:00Z,64.885,0.0
2023-05-21T08:25:00Z,53.215,0.0
2023-05-22T00:35:00Z,59.225,0.0
2023-05-22T00:40:00Z,46.862,0.0
2023-05-22T00:45:00Z,65.393,0.0
2023-05-22T00:50:00Z,53.526,0.0
2023-05-22T00:55:00Z,49.562,0.0
2023-05-22T01:00:00Z,42.404,0.0
2023-05-22T01:05:00Z,48.707,0.0
2023-05-22T01:10:00Z,49.79,0.0
2023-05-22T01:15:00Z,54.865,0.0
2023-05-22T01:20:00Z,47.961,0.0
2023-05-22T01:25:00Z,53.826,0.0
2023-05-22T01:30:00Z,55.123,0.0
2023-05-22T01:35:00Z,58.119,0.0
2023-05-22T01:40:00Z,56.605,0.0
2023-05-22T01:45:00Z,47.339,0.0
2023-05-22T01:50:00Z,42.555,0.0
2023-05-22T01:55:00Z,32.203,0.0
2023-05-22T02:00:00Z,25.627,0.0
2023-05-22T02:05:00Z,30.349,0.0
2023-05-22T02:10:00Z,36.976,0.0
2023-05-22T02:15:00Z,26.419,0.0
2023-05-22T02:20:00Z,29.578,0.0
2023-05-22T02:25:00Z,32.68,0.0
2023-05-22T02:30:00Z,45.151,0.0
2023-05-22T02:35:00Z,44.613,0.0
2023-05-22T02:40:00Z,36.794,0.0
2023-05-22T02:45:00Z,54.054,0.0
2023-05-22T02:50:00Z,37.839,0.0
2023-05-22T02:55:00Z,37.951,0.0
2023-05-22T03:00:00Z,52.878,0.0
2023-05-22T03:05:00Z,49.344,0.0
2023-05-22T03:10:00Z,39.646,0.0
2023-05-22T03:15:00Z,37.265,0.0
2023-05-22T03:20:00Z,56.157,0.0
2023-05-22T03:25:00Z,52.549,0.0
2023-05-22T03:30:00Z,13.747,0.0
2023-05-22T03:35:00Z,14.864,0.0
2023-05-22T03:40:00Z,20.166,0.0
2023-05-22T03:45:00Z,17.365,0.0
2023-05-22T03:50:00Z,21.168,0.0
2023-05-22T03:55:00Z,20.808,0.0
2023-05-22T04:00:00Z,31.025,0.0
2023-05-22T04:05:00Z,16.472,0.0
2023-05-22T04:10:00Z,15.258,0.0
2023-05-22T04:15:00Z,16.916,0.0
2023-05-22T04:20:00Z,35.717,0.0
2023-05-22T04:25:00Z,28.584,0.0
2023-05-22T04:30:00Z,27.133,0.0
2023-05-22T04:35:00Z,27.751,0.0
2023-05-22T04:40:00Z,35.466,0.0
2023-05-22T04:45:00Z,22.094,0.0
2023-05-22T04:50:00Z,35.616,0.0
2023-05-22T04:55:00Z,26.839,0.0
2023-05-22T05:00:00Z,28.696,0.0
2023-05-22T05:05:00Z,35.399,0.0
2023-05-22T05:10:00Z,19.542,0.0
2023-05-22T05:15:00Z,24.583,0.0
2023-05-22T05:20:00Z,16.875,0.0
2023-05-22T05:25:00Z,16.825,0.0
2023-05-22T05:30:00Z,17.784,0.0
2023-05-22T05:35:00Z,32.983,0.0
2023-05-22T05:40:00Z,44.964,0.0
2023-05-22T05:45:00Z,22.19,0.0
2023-05-22T05:50:00Z,39.363,0.0
2023-05-22T05:55:00Z,42.053,0.0
2023-05-22T06:00:00Z,33.192,0.0
2023-05-22T06:05:00Z,38.983,0.0
2023-05-22T06:10:00Z,27.976,0.0
2023-05-22T06:15:00Z,17.852,0.0
2023-05-22T06:25:00Z,34.301,0.0
2023-05-22T06:30:00Z,15.902,0.0
2023-05-22T06:35:00Z,13.616,0.0
2023-05-22T06:40:00Z,34.137,0.0
2023-05-22T06:45:00Z,10.472,0.0
2023-05-22T06:50:00Z,10.685,0.0
2023-05-22T06:55:00Z,11.162,0.0
2023-05-22T07:00:00Z,49.523,0.0
2023-05-22T23:35:00Z,34.079,0.0
2023-05-22T23:40:00Z,15.667,0.0
2023-05-22T23:45:00Z,11.864,0.0
2023-05-22T23:50:00Z,19.396,0.0
2023-05-22T23:55:00Z,39.61,0.0
2023-05-23T00:00:00Z,47.57,0.0
2023-05-23T00:05:00Z,36.032,0.0
2023-05-23T00:10:00Z,40.736,0.0
2023-05-23T00:15:00Z,46.44,0.0
2023-05-23T00:20:00Z,46.371,0.0
2023-05-23T00:25:00Z,52.209,0.0
2023-05-23T00:30:00Z,47.373,0.0
2023-05-23T00:35:00Z,55.183,0.0
2023-05-23T00:40:00Z,45.247,0.0
2023-05-23T00:45:00Z,41.559,0.0
2023-05-23T00:50:00Z,33.21,0.0
2023-05-23T00:55:00Z,41.839,0.0
2023-05-23T01:00:00Z,40.772,0.0
2023-05-23T01:05:00Z,27.096,0.0
2023-05-23T01:10:00Z,27.997,0.0
2023-05-23T01:15:00Z,36.556,0.0
2023-05-23T01:20:00Z,46.847,0.0
2023-05-23T01:25:00Z,56.277,0.0
2023-05-23T01:30:00Z,34.172,0.0
2023-05-23T01:35:00Z,22.135,0.0
2023-05-23T01:40:00Z,16.363,0.0
2023-05-23T01:45:00Z,11.738,0.0
2023-05-23T01:50:00Z,13.179,0.0
2023-05-23T01:55:00Z,13.792,0.0
2023-05-23T02:00:00Z,46.748,0.0
2023-05-23T02:05:00Z,49.427,0.0
2023-05-23T02:10:00Z,55.46,0.0
2023-05-23T02:15:00Z,43.788,0.0
2023-05-23T02:20:00Z,44.573,0.0
2023-05-23T02:25:00Z,43.383,0.0
2023-05-23T02:30:00Z,46.199,0.0
2023-05-23T02:35:00Z,42.666,0.0
2023-05-23T02:40:00Z,27.44,0.0
2023-05-23T02:45:00Z,22.16,0.0
2023-05-23T02:50:00Z,14.771,0.0
2023-05-23T02:55:00Z,16.715,0.0
2023-05-23T03:00:00Z,18.012,0.0
2023-05-23T03:05:00Z,28.036,0.0
2023-05-23T03:10:00Z,18.498,0.0
2023-05-23T03:15:00Z,20.451,0.0
2023-05-23T03:20:00Z,21.047,0.0
2023-05-23T03:25:00Z,26.155,0.0
2023-05-23T03:30:00Z,20.123,0.0
2023-05-23T03:35:00Z,17.625,0.0
2023-05-23T03:40:00Z,35.221,0.0
2023-05-23T03:45:00Z,15.624,0.0
2023-05-23T03:50:00Z,11.886,0.0
2023-05-23T03:55:00Z,22.708,0.0
2023-05-23T04:00:00Z,19.59,0.0
2023-05-23T04:05:00Z,12.506,0.0
2023-05-23T04:10:00Z,9.857,0.0
2023-05-23T04:15:00Z,17.409,0.0
2023-05-23T04:20:00Z,27.241,0.0
2023-05-23T04:25:00Z,31.596,0.0
2023-05-23T04:30:00Z,35.237,0.0
2023-05-23T04:35:00Z,34.577,0.0
2023-05-23T04:40:00Z,33.213,0.0
2023-05-23T04:45:00Z,44.218,0.0
2023-05-23T04:50:00Z,21.171,0.0
2023-05-23T04:55:00Z,12.699,0.0
2023-05-23T05:00:00Z,13.53,0.0
2023-05-23T05:05:00Z,16.729,0.0
2023-05-23T05:10:00Z,16.216,0.0
2023-05-23T05:15:00Z,19.363,0.0
2023-05-23T05:20:00Z,25.352,0.0
2023-05-23T05:25:00Z,11.104,0.0
2023-05-23T05:30:00Z,17.647,0.0
2023-05-23T05:35:00Z,21.364,0.0
2023-05-23T05:40:00Z,16.282,0.0
2023-05-23T05:45:00Z,15.456,0.0
2023-05-23T05:50:00Z,61.165,0.0
2023-05-23T05:55:00Z,45.107,0.0
2023-05-23T06:00:00Z,24.61,0.0
2023-05-23T06:05:00Z,20.649,0.0
2023-05-23T06:10:00Z,17.163,0.0
2023-05-23T06:15:00Z,22.249,0.0
2023-05-23T06:20:00Z,18.133,0.0
2023-05-23T06:25:00Z,11.942,0.0
2023-05-23T06:30:00Z,16.519,0.0
2023-05-23T06:35:00Z,11.399,0.0
2023-05-23T06:40:00Z,8.858,0.0
2023-05-23T06:45:00Z,9.502,0.0
2023-05-23T06:50:00Z,9.334,0.0
2023-05-23T06:55:00Z,46.91,0.0
2023-05-23T07:00:00Z,13.084,0.0
2023-05-23T07:05:00Z,9.719,0.0
2023-05-23T07:10:00Z,10.201,0.0
2023-05-23T07:15:00Z,15.454,0.0
2023-05-23T07:20:00Z,16.659,0.0
2023-05-24T00:50:00Z,51.073,0.0
2023-05-24T00:55:00Z,52.61,0.0
2023-05-24T01:00:00Z,49.459,0.0
2023-05-24T01:05:00Z,44.663,0.0
2023-05-24T01:10:00Z,42.557,0.0
2023-05-24T01:15:00Z,40.085,0.0
2023-05-24T01:20:00Z,35.623,0.0
2023-05-24T01:25:00Z,26.107,0.0
2023-05-24T01:30:00Z,32.077,0.0
2023-05-24T01:35:00Z,26.662,0.0
2023-05-24T01:40:00Z,32.64,0.0
2023-05-24T01:45:00Z,46.614,0.0
2023-05-24T01:50:00Z,39.375,0.0
2023-05-24T01:55:00Z,20.345,0.0
2023-05-24T02:00:00Z,24.276,0.0
2023-05-24T02:05:00Z,19.64,0.0
2023-05-24T02:10:00Z,27.692,0.0
2023-05-24T02:15:00Z,31.915,0.0
2023-05-24T02:20:00Z,29.776,0.0
2023-05-24T02:25:00Z,27.523,0.0
2023-05-24T02:30:00Z,24.752,0.0
2023-05-24T02:35:00Z,36.592,0.0
2023-05-24T02:40:00Z,40.315,0.0
2023-05-24T02:45:00Z,55.622,0.0
2023-05-24T02:50:00Z,58.558,0.0
2023-05-24T02:55:00Z,60.171,0.0
2023-05-24T03:00:00Z,25.298,0.0
2023-05-24T03:05:00Z,31.2,0.0
2023-05-24T03:10:00Z,25.363,0.0
2023-05-24T03:15:00Z,32.869,0.0
2023-05-24T03:20:00Z,21.457,0.0
2023-05-24T03:35:00Z,51.587,0.0
2023-05-24T03:40:00Z,34.911,0.0
2023-05-24T03:45:00Z,23.48,0.0
2023-05-24T03:50:00Z,24.105,0.0
2023-05-24T03:55:00Z,46.261,0.0
2023-05-24T04:05:00Z,41.828,0.0
2023-05-24T04:10:00Z,36.879,0.0
2023-05-24T04:15:00Z,33.825,0.0
2023-05-24T04:30:00Z,45.97,0.0
2023-05-24T04:35:00Z,40.861,0.0
2023-05-24T04:40:00Z,42.759,0.0
2023-05-24T04:45:00Z,42.836,0.0
2023-05-24T04:50:00Z,48.125,0.0
2023-05-24T04:55:00Z,45.972,0.0
2023-05-24T05:00:00Z,48.914,0.0
2023-05-24T05:05:00Z,45.142,0.0
2023-05-24T05:10:00Z,47.179,0.0
2023-05-24T05:15:00Z,43.714,0.0
2023-05-24T05:20:00Z,42.271,0.0
2023-05-24T05:25:00Z,41.611,0.0
2023-05-24T05:30:00Z,40.89,0.0
2023-05-24T05:35:00Z,27.647,0.0
2023-05-24T05:40:00Z,35.04,0.0
2023-05-24T05:45:00Z,26.386,0.0
2023-05-24T05:50:00Z,17.808,0.0
2023-05-24T05:55:00Z,9.145,0.0
2023-05-24T06:00:00Z,12.835,0.0
2023-05-24T06:05:00Z,20.892,0.0
2023-05-24T06:10:00Z,34.342,0.0
2023-05-24T06:15:00Z,22.312,0.0
2023-05-24T06:20:00Z,23.344,0.0
2023-05-24T06:25:00Z,26.557,0.0
2023-05-24T06:30:00Z,16.346,0.0
2023-05-24T06:35:00Z,32.768,0.0
2023-05-24T06:40:00Z,18.276,0.0
2023-05-24T06:45:00Z,56.1,0.0
2023-05-24T06:50:00Z,25.131,0.0
2023-05-24T23:35:00Z,54.38,0.0
2023-05-24T23:50:00Z,44.874,0.0
2023-05-24T23:55:00Z,52.46,0.0
2023-05-25T00:00:00Z,49.074,0.0
2023-05-25T00:05:00Z,41.883,0.0
2023-05-25T00:10:00Z,49.127,0.0
2023-05-25T00:25:00Z,38.946,0.0
2023-05-25T00:30:00Z,40.416,0.0
2023-05-25T00:35:00Z,47.134,0.0
2023-05-25T00:40:00Z,43.1,0.0
2023-05-25T00:45:00Z,45.793,0.0
2023-05-25T00:50:00Z,45.313,0.0
2023-05-25T00:55:00Z,42.546,0.0
2023-05-25T01:00:00Z,45.135,0.0
2023-05-25T01:05:00Z,42.377,0.0
2023-05-25T01:10:00Z,44.096,0.0
2023-05-25T01:15:00Z,48.871,0.0
2023-05-25T01:20:00Z,44.151,0.0
2023-05-25T01:25:00Z,39.17,0.0
2023-05-25T01:30:00Z,46.927,0.0
2023-05-25T01:35:00Z,53.003,0.0
2023-05-25T01:40:00Z,40.653,0.0
2023-05-25T01:45:00Z,39.118,0.0
2023-05-25T01:50:00Z,35.649,0.0
2023-05-25T01:55:00Z,48.381,0.0
2023-05-25T02:00:00Z,44.409,0.0
2023-05-25T02:05:00Z,41.501,0.0
2023-05-25T02:10:00Z,11.122,0.0
2023-05-25T02:15:00Z,12.74,0.0
2023-05-25T02:20:00Z,13.232,0.0
2023-05-25T02:25:00Z,15.639,0.0
2023-05-25T02:30:00Z,19.83,0.0
2023-05-25T02:35:00Z,28.337,0.0
2023-05-25T02:40:00Z,34.774,0.0
2023-05-25T02:45:00Z,39.975,0.0
2023-05-25T02:50:00Z,51.431,0.0
2023-05-25T02:55:00Z,62.203,0.0
2023-05-25T03:00:00Z,57.097,0.0
2023-05-25T03:05:00Z,38.766,0.0
2023-05-25T03:10:00Z,58.404,0.0
2023-05-25T03:15:00Z,51.298,0.0
2023-05-25T03:20:00Z,34.956,0.0
2023-05-25T03:25:00Z,68.791,0.0
2023-05-25T03:30:00Z,38.707,0.0
2023-05-25T03:35:00Z,46.58,0.0
2023-05-25T03:40:00Z,49.085,0.0
2023-05-25T03:45:00Z,44.884,0.0
2023-05-25T03:50:00Z,39.506,0.0
2023-05-25T03:55:00Z,34.449,0.0
2023-05-25T04:00:00Z,27.104,0.0
2023-05-25T04:05:00Z,18.065,0.0
2023-05-25T04:10:00Z,42.622,0.0
2023-05-25T04:15:00Z,19.593,0.0
2023-05-25T04:20:00Z,37.161,0.0
2023-05-25T04:25:00Z,15.637,0.0
2023-05-25T04:30:00Z,19.035,0.0
2023-05-25T04:35:00Z,40.45,0.0
2023-05-25T04:40:00Z,16.201,0.0
2023-05-25T04:45:00Z,14.5,0.0
2023-05-25T04:50:00Z,16.716,0.0
2023-05-25T04:55:00Z,64.524,0.0
2023-05-25T05:00:00Z,80.081,0.0
2023-05-25T05:05:00Z,77.363,0.0
2023-05-25T05:10:00Z,65.055,0.0
2023-05-25T05:15:00Z,45.206,0.0
2023-05-25T05:20:00Z,42.559,0.0
2023-05-25T05:25:00Z,46.414,0.0
2023-05-25T05:30:00Z,84.092,0.0
2023-05-25T05:55:00Z,64.309,0.0
2023-05-25T06:00:00Z,58.447,0.0
2023-05-25T06:05:00Z,67.948,0.0
2023-05-25T06:10:00Z,62.875,0.0
2023-05-25T06:15:00Z,86.762,0.0
2023-05-25T06:20:00Z,78.193,0.0
2023-05-25T06:25:00Z,66.037,0.0
2023-05-25T06:30:00Z,78.444,0.0
2023-05-25T06:35:00Z,103.002,0.0
2023-05-26T00:05:00Z,27.996,0.0
2023-05-26T00:10:00Z,27.096,0.0
2023-05-26T00:15:00Z,28.924,0.0
2023-05-26T00:20:00Z,63.066,0.0
2023-05-26T00:25:00Z,56.689,0.0
2023-05-26T00:30:00Z,49.22,0.0
2023-05-26T00:35:00Z,48.188,0.0
2023-05-26T00:40:00Z,62.36,0.0
2023-05-26T00:45:00Z,62.144,0.0
2023-05-26T00:50:00Z,60.18,0.0
2023-05-26T00:55:00Z,51.494,0.0
2023-05-26T01:00:00Z,47.405,0.0
2023-05-26T01:05:00Z,57.289,0.0
2023-05-26T01:10:00Z,62.23,0.0
2023-05-26T01:15:00Z,60.446,0.0
2023-05-26T01:20:00Z,65.407,0.0
2023-05-26T01:25:00Z,55.807,0.0
2023-05-26T01:30:00Z,26.955,0.0
2023-05-26T01:35:00Z,31.423,0.0
2023-05-26T01:40:00Z,29.257,0.0
2023-05-26T01:45:00Z,34.843,0.0
2023-05-26T01:50:00Z,39.143,0.0
2023-05-26T01:55:00Z,36.842,0.0
2023-05-26T02:00:00Z,53.12,0.0
2023-05-26T02:05:00Z,40.815,0.0
2023-05-26T02:10:00Z,38.198,0.0
2023-05-26T02:15:00Z,39.293,0.0
2023-05-26T02:20:00Z,40.981,0.0
2023-05-26T02:25:00Z,41.187,0.0
2023-05-26T02:30:00Z,45.688,0.0
2023-05-26T02:35:00Z,48.154,0.0
2023-05-26T02:40:00Z,46.576,0.0
2023-05-26T02:45:00Z,50.233,0.0
2023-05-26T02:50:00Z,51.259,0.0
2023-05-26T02:55:00Z,63.702,0.0
2023-05-26T03:00:00Z,66.819,0.0
2023-05-26T03:05:00Z,50.703,0.0
2023-05-26T03:10:00Z,35.115,0.0
2023-05-26T03:15:00Z,43.889,0.0
2023-05-26T03:20:00Z,51.724,0.0
2023-05-26T03:25:00Z,50.246,0.0
2023-05-26T03:30:00Z,51.883,0.0
2023-05-26T03:35:00Z,44.428,0.0
2023-05-26T03:40:00Z,55.609,0.0
2023-05-26T03:45:00Z,59.867,0.0
2023-05-26T03:50:00Z,52.267,0.0
2023-05-26T03:55:00Z,41.037,0.0
2023-05-26T04:00:00Z,58.265,0.0
2023-05-26T04:05:00Z,37.37,0.0
2023-05-26T04:10:00Z,40.532,0.0
2023-05-26T04:15:00Z,41.138,0.0
2023-05-26T04:20:00Z,41.145,0.0
2023-05-26T04:25:00Z,39.922,0.0
2023-05-26T04:30:00Z,46.092,0.0
2023-05-26T04:35:00Z,46.473,0.0
2023-05-26T04:40:00Z,74.077,0.0
2023-05-26T04:45:00Z,61.246,0.0
2023-05-26T04:50:00Z,27.865,0.0
2023-05-26T04:55:00Z,32.016,0.0
2023-05-26T05:00:00Z,55.582,0.0
2023-05-26T05:05:00Z,51.302,0.0
2023-05-26T05:10:00Z,50.157,0.0
2023-05-26T05:15:00Z,41.436,0.0
2023-05-26T05:20:00Z,37.766,0.0
2023-05-26T05:25:00Z,40.432,0.0
2023-05-26T05:30:00Z,34.369,0.0
2023-05-26T05:35:00Z,38.61,0.0
2023-05-26T05:40:00Z,49.935,0.0
2023-05-26T05:45:00Z,41.979,0.0
2023-05-26T05:50:00Z,62.05,0.0
2023-05-26T05:55:00Z,60.96,0.0
2023-05-26T06:00:00Z,47.122,0.0
2023-05-26T06:05:00Z,61.677,0.0
2023-05-26T06:10:00Z,31.349,0.0
2023-05-26T06:15:00Z,43.044,0.0
2023-05-26T06:20:00Z,35.499,0.0
2023-05-26T06:25:00Z,39.721,0.0
2023-05-26T06:30:00Z,36.499,0.0
2023-05-26T06:35:00Z,40.122,0.0
2023-05-30T02:25:00Z,53.425,0.0
2023-05-30T02:30:00Z,63.968,0.0
2023-05-30T02:35:00Z,63.599,0.0
2023-05-30T02:40:00Z,60.881,0.0
2023-05-30T02:45:00Z,80.303,0.0
2023-05-30T02:50:00Z,92.224,0.0
2023-05-30T02:55:00Z,51.744,0.0
2023-05-30T03:00:00Z,55.228,0.0
2023-05-30T03:05:00Z,56.684,0.0
2023-05-30T03:10:00Z,55.951,0.0
2023-05-30T03:15:00Z,42.779,0.0
2023-05-30T03:20:00Z,47.909,0.0
2023-05-30T03:25:00Z,51.065,0.0
2023-05-30T03:30:00Z,47.113,0.0
2023-05-30T03:35:00Z,29.491,0.0
2023-05-30T03:40:00Z,19.54,0.0
2023-05-30T03:45:00Z,18.373,0.0
2023-05-30T03:50:00Z,24.481,0.0
2023-05-30T03:55:00Z,25.308,0.0
2023-05-30T04:00:00Z,28.984,0.0
2023-05-30T04:05:00Z,24.122,0.0
2023-05-30T04:10:00Z,24.122,0.0
2023-05-30T04:15:00Z,23.628,0.0
2023-05-30T04:20:00Z,24.224,0.0
2023-05-30T04:25:00Z,31.631,0.0
2023-05-30T04:30:00Z,35.007,0.0
2023-05-30T04:35:00Z,27.327,0.0
2023-05-30T04:40:00Z,34.554,0.0
2023-05-30T04:45:00Z,35.296,0.0
2023-05-30T04:50:00Z,36.753,0.0
2023-05-30T04:55:00Z,36.028,0.0
2023-05-30T05:00:00Z,34.137,0.0
2023-05-30T05:05:00Z,42.014,0.0
2023-05-30T05:10:00Z,48.223,0.0
2023-05-30T05:15:00Z,59.553,0.0
2023-05-30T05:20:00Z,69.267,0.0
2023-05-30T05:25:00Z,43.643,0.0
2023-05-30T05:30:00Z,29.857,0.0
2023-05-30T05:35:00Z,32.104,0.0
2023-05-30T05:40:00Z,30.289,0.0
2023-05-30T05:45:00Z,23.829,0.0
2023-05-30T05:50:00Z,28.315,0.0
2023-05-30T05:55:00Z,50.359,0.0
2023-05-30T06:00:00Z,39.284,0.0
2023-05-30T06:05:00Z,37.363,0.0
2023-05-30T06:10:00Z,33.65,0.0
2023-05-30T06:15:00Z,29.747,0.0
2023-05-30T06:20:00Z,37.093,0.0
2023-05-30T06:25:00Z,50.047,0.0
2023-05-31T00:00:00Z,83.637,0.0
2023-05-31T00:05:00Z,70.726,0.0
2023-05-31T00:10:00Z,64.274,0.0
2023-05-31T00:15:00Z,65.506,0.0
2023-05-31T00:20:00Z,68.303,0.0
2023-05-31T00:25:00Z,75.019,0.0
2023-05-31T00:30:00Z,70.074,0.0
2023-05-31T00:35:00Z,70.082,0.0
2023-05-31T00:40:00Z,67.803,0.0
2023-05-31T00:45:00Z,58.193,0.0
2023-05-31T00:50:00Z,59.607,0.0
2023-05-31T00:55:00Z,58.829,0.0
2023-05-31T01:00:00Z,47.134,0.0
2023-05-31T01:05:00Z,48.774,0.0
2023-05-31T01:10:00Z,32.012,0.0
2023-05-31T01:15:00Z,54.839,0.0
2023-05-31T01:20:00Z,38.854,0.0
2023-05-31T01:25:00Z,49.901,0.0
2023-05-31T01:30:00Z,47.971,0.0
2023-05-31T01:35:00Z,55.94,0.0
2023-05-31T01:40:00Z,45.894,0.0
2023-05-31T01:45:00Z,48.825,0.0
2023-05-31T01:50:00Z,45.145,0.0
2023-05-31T01:55:00Z,45.686,0.0
2023-05-31T02:00:00Z,48.485,0.0
2023-05-31T02:05:00Z,56.022,0.0
2023-05-31T02:10:00Z,61.041,0.0
2023-05-31T02:15:00Z,48.914,0.0
2023-05-31T02:20:00Z,45.336,0.0
2023-05-31T02:25:00Z,45.704,0.0
2023-05-31T02:30:00Z,50.657,0.0
2023-05-31T02:35:00Z,55.286,0.0
2023-05-31T02:40:00Z,52.082,0.0
2023-05-31T02:45:00Z,48.882,0.0
2023-05-31T02:50:00Z,55.342,0.0
2023-05-31T02:55:00Z,46.973,0.0
2023-05-31T03:00:00Z,50.609,0.0
2023-05-31T03:05:00Z,40.051,0.0
2023-05-31T03:10:00Z,26.025,0.0
2023-05-31T03:15:00Z,28.78,0.0
2023-05-31T03:20:00Z,21.32,0.0
2023-05-31T03:25:00Z,24.407,0.0
2023-05-31T03:30:00Z,26.504,0.0
2023-05-31T03:35:00Z,27.659,0.0
2023-05-31T03:40:00Z,30.429,0.0
2023-05-31T03:45:00Z,39.121,0.0
2023-05-31T03:50:00Z,42.524,0.0
2023-05-31T03:55:00Z,47.097,0.0
2023-05-31T04:00:00Z,43.576,0.0
2023-05-31T04:05:00Z,39.021,0.0
2023-05-31T04:10:00Z,38.841,0.0
2023-05-31T04:15:00Z,44.453,0.0
2023-05-31T04:20:00Z,41.727,0.0
2023-05-31T04:25:00Z,38.174,0.0
2023-05-31T04:30:00Z,50.431,0.0
2023-05-31T04:35:00Z,64.626,0.0
2023-05-31T04:40:00Z,54.417,0.0
2023-05-31T04:45:00Z,47.404,0.0
2023-05-31T04:50:00Z,31.99,0.0
2023-05-31T04:55:00Z,43.537,0.0
2023-05-31T05:00:00Z,47.125,0.0
2023-05-31T05:05:00Z,47.901,0.0
2023-05-31T05:10:00Z,33.569,0.0
2023-05-31T05:15:00Z,34.989,0.0
2023-05-31T05:20:00Z,55.802,0.0
2023-05-31T05:25:00Z,38.719,0.0
2023-05-31T05:30:00Z,31.546,0.0
2023-05-31T05:35:00Z,34.765,0.0
2023-05-31T05:40:00Z,32.066,0.0
2023-05-31T05:45:00Z,42.084,0.0
2023-05-31T05:50:00Z,51.846,0.0
2023-05-31T05:55:00Z,28.668,0.0
2023-05-31T06:00:00Z,37.966,0.0
2023-05-31T06:05:00Z,42.99,0.0
2023-05-31T06:10:00Z,47.778,0.0
2023-05-31T06:15:00Z,46.31,0.0
2023-05-31T06:20:00Z,43.237,0.0
2023-05-31T06:25:00Z,40.589,0.0
2023-05-31T06:30:00Z,41.671,0.0
2023-05-31T06:35:00Z,45.369,0.0
2023-05-31T06:40:00Z,49.424,0.0
2023-05-31T06:45:00Z,51.615,0.0
2023-05-31T06:55:00Z,78.992,0.0
2023-05-31T22:40:00Z,40.91,0.0
2023-05-31T22:45:00Z,38.524,0.0
2023-05-31T22:50:00Z,41.522,0.0
2023-05-31T22:55:00Z,45.232,0.0
2023-05-31T23:00:00Z,49.968,0.0
2023-05-31T23:05:00Z,49.261,0.0
2023-05-31T23:10:00Z,47.153,0.0
2023-05-31T23:15:00Z,35.969,0.0
2023-05-31T23:20:00Z,13.235,0.0
2023-05-31T23:25:00Z,44.023,0.0
2023-05-31T23:30:00Z,49.011,0.0
2023-05-31T23:35:00Z,51.435,0.0
2023-05-31T23:40:00Z,49.253,0.0
2023-05-31T23:45:00Z,51.463,0.0
2023-05-31T23:50:00Z,34.184,0.0
2023-05-31T23:55:00Z,29.665,0.0
