timestamp,steps,distance millimeters,altitude gain millimeters
2025-07-04T18:05:18Z,0,0,0
2025-07-04T18:05:19Z,0,0,0
2025-07-04T18:05:20Z,0,0,0
2025-07-04T18:05:21Z,0,0,0
2025-07-04T18:05:22Z,0,0,0
2025-07-04T18:05:23Z,0,0,0
2025-07-04T18:05:24Z,0,0,0
2025-07-04T18:05:25Z,0,0,0
2025-07-04T18:05:26Z,0,0,0
2025-07-04T18:05:27Z,0,0,0
2025-07-04T18:05:28Z,0,0,0
2025-07-04T18:05:29Z,0,0,0
2025-07-04T18:05:30Z,0,0,0
2025-07-04T18:05:31Z,0,0,0
2025-07-04T18:05:32Z,0,0,0
2025-07-04T18:05:33Z,0,0,0
2025-07-04T18:05:34Z,0,0,0
2025-07-04T18:05:35Z,0,0,0
2025-07-04T18:05:36Z,0,0,0
2025-07-04T18:05:37Z,0,0,0
2025-07-04T18:05:38Z,0,0,0
2025-07-04T18:05:39Z,0,0,0
2025-07-04T18:05:40Z,0,0,0
2025-07-04T18:05:41Z,0,0,0
2025-07-04T18:05:42Z,0,0,0
2025-07-04T18:05:43Z,0,0,0
2025-07-04T18:05:44Z,0,0,0
2025-07-04T18:05:45Z,0,0,0
2025-07-04T18:05:46Z,0,0,0
2025-07-04T18:05:47Z,0,0,0
2025-07-04T18:05:48Z,0,0,0
2025-07-04T18:05:49Z,0,0,0
2025-07-04T18:05:50Z,0,0,0
2025-07-04T18:05:51Z,0,0,0
2025-07-04T18:05:52Z,0,0,0
2025-07-04T18:05:53Z,0,0,0
2025-07-04T18:05:54Z,0,0,0
2025-07-04T18:05:55Z,0,0,0
2025-07-04T18:05:56Z,0,0,0
2025-07-04T18:05:57Z,0,0,0
2025-07-04T18:05:58Z,0,0,0
2025-07-04T18:05:59Z,0,0,0
2025-07-04T18:06:00Z,0,0,0
2025-07-04T18:06:01Z,0,0,0
2025-07-04T18:06:02Z,0,0,0
2025-07-04T18:06:03Z,0,0,0
2025-07-04T18:06:04Z,0,0,0
2025-07-04T18:06:05Z,0,0,0
2025-07-04T18:06:06Z,0,0,0
2025-07-04T18:06:07Z,0,0,0
2025-07-04T18:06:08Z,0,0,0
2025-07-04T18:06:09Z,0,0,0
2025-07-04T18:06:10Z,0,0,0
2025-07-04T18:06:11Z,0,0,0
2025-07-04T18:06:12Z,0,0,0
2025-07-04T18:06:13Z,0,0,0
2025-07-04T18:06:14Z,0,0,0
2025-07-04T18:06:15Z,0,0,0
2025-07-04T18:06:16Z,0,0,0
2025-07-04T18:06:17Z,0,0,0
2025-07-04T18:06:18Z,0,0,0
2025-07-04T18:06:19Z,0,0,0
2025-07-04T18:06:20Z,0,0,0
2025-07-04T18:06:21Z,0,0,0
2025-07-04T18:06:22Z,0,0,0
2025-07-04T18:06:23Z,0,0,0
2025-07-04T18:06:24Z,0,0,0
2025-07-04T18:06:25Z,0,0,0
2025-07-04T18:06:26Z,0,0,0
2025-07-04T18:06:27Z,0,0,0
2025-07-04T18:06:28Z,0,0,0
2025-07-04T18:06:29Z,0,0,0
2025-07-04T18:06:30Z,0,0,0
2025-07-04T18:06:31Z,0,0,0
2025-07-04T18:06:32Z,0,0,0
2025-07-04T18:06:33Z,0,0,0
2025-07-04T18:06:34Z,0,0,0
2025-07-04T18:06:35Z,0,0,0
2025-07-04T18:06:36Z,0,0,0
2025-07-04T18:06:37Z,0,0,0
2025-07-04T18:06:38Z,0,0,0
2025-07-04T18:06:39Z,0,0,0
2025-07-04T18:06:40Z,0,0,0
2025-07-04T18:06:41Z,0,0,0
2025-07-04T18:06:42Z,0,0,0
2025-07-04T18:06:43Z,0,0,0
2025-07-04T18:06:44Z,0,0,0
2025-07-04T18:06:45Z,0,0,0
2025-07-04T18:06:46Z,0,0,0
2025-07-04T18:06:47Z,0,0,0
2025-07-04T18:06:48Z,0,0,0
2025-07-04T18:06:49Z,0,0,0
2025-07-04T18:06:50Z,0,0,0
2025-07-04T18:06:51Z,0,0,0
2025-07-04T18:06:52Z,0,0,0
2025-07-04T18:06:53Z,0,0,0
2025-07-04T18:06:55Z,0,0,0
2025-07-04T18:06:56Z,0,0,0
2025-07-04T18:06:57Z,0,0,0
2025-07-04T18:06:58Z,0,0,0
2025-07-04T18:06:59Z,0,0,0
2025-07-04T18:07:00Z,0,0,0
2025-07-04T18:07:01Z,0,0,0
2025-07-04T18:07:02Z,0,0,0
2025-07-04T18:07:03Z,0,0,0
2025-07-04T18:07:04Z,0,0,0
2025-07-04T18:07:05Z,0,0,0
2025-07-04T18:07:06Z,0,0,0
2025-07-04T18:07:07Z,0,0,0
2025-07-04T18:07:08Z,0,0,0
2025-07-04T18:07:09Z,0,0,0
2025-07-04T18:07:10Z,0,0,0
2025-07-04T18:07:11Z,0,0,0
2025-07-04T18:07:12Z,0,0,0
2025-07-04T18:07:13Z,0,0,0
2025-07-04T18:07:14Z,0,0,0
2025-07-04T18:07:15Z,0,0,0
2025-07-04T18:07:16Z,0,0,0
2025-07-04T18:07:17Z,0,0,0
2025-07-04T18:07:18Z,0,0,0
2025-07-04T18:07:19Z,0,0,0
2025-07-04T18:07:20Z,0,0,0
2025-07-04T18:07:21Z,0,0,0
2025-07-04T18:07:22Z,0,0,0
2025-07-04T18:07:23Z,0,0,0
2025-07-04T18:07:24Z,0,0,0
2025-07-04T18:07:25Z,0,0,0
2025-07-04T18:07:26Z,0,0,0
2025-07-04T18:07:27Z,0,0,0
2025-07-04T18:07:28Z,0,0,0
2025-07-04T18:07:29Z,0,0,0
2025-07-04T18:07:30Z,0,0,0
2025-07-04T18:07:31Z,0,0,0
2025-07-04T18:07:32Z,0,0,0
2025-07-04T18:07:33Z,0,0,0
2025-07-04T18:07:34Z,0,0,0
2025-07-04T18:07:35Z,0,0,0
2025-07-04T18:07:36Z,0,0,0
2025-07-04T18:07:37Z,0,0,0
2025-07-04T18:07:38Z,0,0,0
2025-07-04T18:07:39Z,0,0,0
2025-07-04T18:07:40Z,0,0,0
2025-07-04T18:07:41Z,0,0,0
2025-07-04T18:07:42Z,0,0,0
2025-07-04T18:07:43Z,0,0,0
2025-07-04T18:07:44Z,0,0,0
2025-07-04T18:07:45Z,0,0,0
2025-07-04T18:07:46Z,0,0,0
2025-07-04T18:07:47Z,0,0,0
2025-07-04T18:07:48Z,0,0,0
2025-07-04T18:07:49Z,0,0,0
2025-07-04T18:07:50Z,0,0,0
2025-07-04T18:07:51Z,0,0,0
2025-07-04T18:07:52Z,0,0,0
2025-07-04T18:07:53Z,0,0,0
2025-07-04T18:07:54Z,0,0,0
2025-07-04T18:07:55Z,0,0,0
2025-07-04T18:07:56Z,0,0,0
2025-07-04T18:07:57Z,0,0,0
2025-07-04T18:07:58Z,0,0,0
2025-07-04T18:07:59Z,0,0,0
2025-07-04T18:08:00Z,0,0,0
2025-07-04T18:08:01Z,0,0,0
2025-07-04T18:08:02Z,0,0,0
2025-07-04T18:08:03Z,0,0,0
2025-07-04T18:08:04Z,0,0,0
2025-07-04T18:08:05Z,0,0,0
2025-07-04T18:08:06Z,0,0,0
2025-07-04T18:08:07Z,0,0,0
2025-07-04T18:08:08Z,0,0,0
2025-07-04T18:08:09Z,0,0,0
2025-07-04T18:08:10Z,0,0,0
2025-07-04T18:08:11Z,0,0,0
2025-07-04T18:08:12Z,0,0,0
2025-07-04T18:08:13Z,0,0,0
2025-07-04T18:08:14Z,0,0,0
2025-07-04T18:08:15Z,0,0,0
2025-07-04T18:08:16Z,0,0,0
2025-07-04T18:08:17Z,0,0,0
2025-07-04T18:08:18Z,0,0,0
2025-07-04T18:08:19Z,0,0,0
2025-07-04T18:08:20Z,0,0,0
2025-07-04T18:08:21Z,0,0,0
2025-07-04T18:08:22Z,0,0,0
2025-07-04T18:08:23Z,0,0,0
2025-07-04T18:08:24Z,0,0,0
2025-07-04T18:08:25Z,0,0,0
2025-07-04T18:08:26Z,0,0,0
2025-07-04T18:08:27Z,0,0,0
2025-07-04T18:08:28Z,0,0,0
2025-07-04T18:08:29Z,0,0,0
2025-07-04T18:08:30Z,0,0,0
2025-07-04T18:08:31Z,0,0,0
2025-07-04T18:08:32Z,0,0,0
2025-07-04T18:08:33Z,0,0,0
2025-07-04T18:08:34Z,0,0,0
2025-07-04T18:08:35Z,2,0,0
2025-07-04T18:08:36Z,2,0,0
2025-07-04T18:08:37Z,0,0,0
2025-07-04T18:08:38Z,0,0,0
2025-07-04T18:08:39Z,0,0,0
2025-07-04T18:08:40Z,0,0,0
2025-07-04T18:08:41Z,0,0,0
2025-07-04T18:08:42Z,0,0,0
2025-07-04T18:08:43Z,0,0,0
2025-07-04T18:08:44Z,0,0,0
2025-07-04T18:08:45Z,0,0,0
2025-07-04T18:08:46Z,0,0,0
2025-07-04T18:08:47Z,0,0,0
2025-07-04T18:08:48Z,0,0,0
2025-07-04T18:08:49Z,0,0,0
2025-07-04T18:08:50Z,0,0,0
2025-07-04T18:08:51Z,0,0,0
2025-07-04T18:08:52Z,0,0,0
2025-07-04T18:08:53Z,0,0,0
2025-07-04T18:08:54Z,0,0,0
2025-07-04T18:08:55Z,0,0,0
2025-07-04T18:08:56Z,0,0,0
2025-07-04T18:08:57Z,0,0,0
2025-07-04T18:08:58Z,0,0,0
2025-07-04T18:08:59Z,0,0,0
2025-07-04T18:09:00Z,0,0,0
2025-07-04T18:09:01Z,0,0,0
2025-07-04T18:09:02Z,0,0,0
2025-07-04T18:09:03Z,0,0,0
2025-07-04T18:09:04Z,0,0,0
2025-07-04T18:09:05Z,0,0,0
2025-07-04T18:09:06Z,0,0,0
2025-07-04T18:09:07Z,0,0,0
2025-07-04T18:09:08Z,0,0,0
2025-07-04T18:09:09Z,0,0,0
2025-07-04T18:09:10Z,0,0,0
2025-07-04T18:09:11Z,0,0,0
2025-07-04T18:09:12Z,0,0,0
2025-07-04T18:09:13Z,0,0,0
2025-07-04T18:09:14Z,0,0,0
2025-07-04T18:09:15Z,0,0,0
2025-07-04T18:09:16Z,0,0,0
2025-07-04T18:09:17Z,0,0,0
2025-07-04T18:09:18Z,0,0,0
2025-07-04T18:09:19Z,0,0,0
2025-07-04T18:09:20Z,0,0,0
2025-07-04T18:09:21Z,0,0,0
2025-07-04T18:09:22Z,0,0,0
2025-07-04T18:09:23Z,0,0,0
2025-07-04T18:09:24Z,0,0,0
2025-07-04T18:09:25Z,0,0,0
2025-07-04T18:09:26Z,0,0,0
2025-07-04T18:09:27Z,0,0,0
2025-07-04T18:09:28Z,0,0,0
2025-07-04T18:09:29Z,0,0,0
2025-07-04T18:09:30Z,0,0,0
2025-07-04T18:09:31Z,0,0,0
2025-07-04T18:09:32Z,0,0,0
2025-07-04T18:09:33Z,0,0,0
2025-07-04T18:09:34Z,0,0,0
2025-07-04T18:09:35Z,1,0,0
2025-07-04T18:09:36Z,1,0,0
2025-07-04T18:09:37Z,0,0,0
2025-07-04T18:09:38Z,2,0,0
2025-07-04T18:09:39Z,2,0,0
2025-07-04T18:09:40Z,1,5160,0
2025-07-04T18:09:41Z,2,1480,0
2025-07-04T18:09:42Z,0,0,0
2025-07-04T18:09:43Z,1,730,0
2025-07-04T18:09:44Z,1,740,0
2025-07-04T18:09:45Z,2,1470,0
2025-07-04T18:09:46Z,0,0,0
2025-07-04T18:09:47Z,0,0,0
2025-07-04T18:09:48Z,0,0,0
2025-07-04T18:09:49Z,0,0,0
2025-07-04T18:09:50Z,0,0,0
2025-07-04T18:09:51Z,0,0,0
2025-07-04T18:09:52Z,0,0,0
2025-07-04T18:09:53Z,0,0,0
2025-07-04T18:09:54Z,0,0,0
2025-07-04T18:09:55Z,0,0,0
2025-07-04T18:09:56Z,0,0,0
2025-07-04T18:09:57Z,0,0,0
2025-07-04T18:09:58Z,0,0,0
2025-07-04T18:09:59Z,0,0,0
2025-07-04T18:10:00Z,0,0,0
2025-07-04T18:10:01Z,0,0,0
2025-07-04T18:10:02Z,0,0,0
2025-07-04T18:10:03Z,0,0,0
2025-07-04T18:10:04Z,0,0,0
2025-07-04T18:10:05Z,0,0,0
2025-07-04T18:10:06Z,0,0,0
2025-07-04T18:10:07Z,0,0,0
2025-07-04T18:10:08Z,0,0,0
2025-07-04T18:10:09Z,0,0,0
2025-07-04T18:10:10Z,0,0,0
2025-07-04T18:10:11Z,0,0,0
2025-07-04T18:10:12Z,0,0,0
2025-07-04T18:10:13Z,0,0,0
2025-07-04T18:10:14Z,2,0,0
2025-07-04T18:10:15Z,2,0,0
2025-07-04T18:10:16Z,0,0,0
2025-07-04T18:10:17Z,0,0,0
2025-07-04T18:10:18Z,0,0,0
2025-07-04T18:10:19Z,0,0,0
2025-07-04T18:10:20Z,0,0,0
2025-07-04T18:10:21Z,0,0,0
2025-07-04T18:10:22Z,0,0,0
2025-07-04T18:10:23Z,0,0,0
2025-07-04T18:10:24Z,0,0,0
2025-07-04T18:10:25Z,0,0,0
2025-07-04T18:10:26Z,0,0,0
2025-07-04T18:10:27Z,0,0,0
2025-07-04T18:10:28Z,0,0,0
2025-07-04T18:10:29Z,0,0,0
2025-07-04T18:10:30Z,0,0,0
2025-07-04T18:10:31Z,0,0,0
2025-07-04T18:10:32Z,0,0,0
2025-07-04T18:10:33Z,0,0,0
2025-07-04T18:10:34Z,0,0,0
2025-07-04T18:10:35Z,0,0,0
2025-07-04T18:10:36Z,0,0,0
2025-07-04T18:10:37Z,0,0,0
2025-07-04T18:10:38Z,0,0,0
2025-07-04T18:10:39Z,0,0,0
2025-07-04T18:10:40Z,0,0,0
2025-07-04T18:10:41Z,0,0,0
2025-07-04T18:10:42Z,0,0,0
2025-07-04T18:10:43Z,0,0,0
2025-07-04T18:10:44Z,0,0,0
2025-07-04T18:10:45Z,0,0,0
2025-07-04T18:10:46Z,0,0,0
2025-07-04T18:10:47Z,0,0,0
2025-07-04T18:10:48Z,0,0,0
2025-07-04T18:10:49Z,0,0,0
2025-07-04T18:10:50Z,0,0,0
2025-07-04T18:10:51Z,0,0,0
2025-07-04T18:10:52Z,0,0,0
2025-07-04T18:10:53Z,0,0,0
2025-07-04T18:10:54Z,0,0,0
2025-07-04T18:10:55Z,0,0,0
2025-07-04T18:10:56Z,0,0,0
2025-07-04T18:10:57Z,0,0,0
2025-07-04T18:10:58Z,0,0,0
2025-07-04T18:10:59Z,0,0,0
2025-07-04T18:11:00Z,0,0,0
2025-07-04T18:11:01Z,0,0,0
2025-07-04T18:11:02Z,0,0,0
2025-07-04T18:11:03Z,0,0,0
2025-07-04T18:11:04Z,0,0,0
2025-07-04T18:11:05Z,0,0,0
2025-07-04T18:11:06Z,0,0,0
2025-07-04T18:11:07Z,0,0,0
2025-07-04T18:11:08Z,0,0,0
2025-07-04T18:11:09Z,0,0,0
2025-07-04T18:11:10Z,0,0,0
2025-07-04T18:11:11Z,0,0,0
2025-07-04T18:11:12Z,0,0,0
2025-07-04T18:11:13Z,0,0,0
2025-07-04T18:11:14Z,0,0,0
2025-07-04T18:11:15Z,0,0,0
2025-07-04T18:11:16Z,0,0,0
2025-07-04T18:11:17Z,0,0,0
2025-07-04T18:11:18Z,0,0,0
2025-07-04T18:11:19Z,0,0,0
2025-07-04T18:11:20Z,0,0,0
2025-07-04T18:11:21Z,0,0,0
2025-07-04T18:11:22Z,0,0,0
2025-07-04T18:11:23Z,0,0,0
2025-07-04T18:11:24Z,0,0,0
2025-07-04T18:11:25Z,0,0,0
2025-07-04T18:11:26Z,0,0,0
2025-07-04T18:11:27Z,0,0,0
2025-07-04T18:11:28Z,0,0,0
2025-07-04T18:11:29Z,0,0,0
2025-07-04T18:11:30Z,0,0,0
2025-07-04T18:11:31Z,0,0,0
2025-07-04T18:11:32Z,0,0,0
2025-07-04T18:11:33Z,0,0,0
2025-07-04T18:11:34Z,0,0,0
2025-07-04T18:11:35Z,0,0,0
2025-07-04T18:11:36Z,0,0,0
2025-07-04T18:11:37Z,0,0,0
2025-07-04T18:11:38Z,0,0,0
2025-07-04T18:11:39Z,0,0,0
2025-07-04T18:11:40Z,0,0,0
2025-07-04T18:11:41Z,0,0,0
2025-07-04T18:11:42Z,0,0,0
2025-07-04T18:11:43Z,0,0,0
2025-07-04T18:11:44Z,0,0,0
2025-07-04T18:11:45Z,0,0,0
2025-07-04T18:11:46Z,0,0,0
2025-07-04T18:11:47Z,0,0,0
2025-07-04T18:11:48Z,0,0,0
2025-07-04T18:11:49Z,0,0,0
2025-07-04T18:11:50Z,0,0,0
2025-07-04T18:11:51Z,0,0,0
2025-07-04T18:11:52Z,0,0,0
2025-07-04T18:11:53Z,0,0,0
2025-07-04T18:11:54Z,2,0,0
2025-07-04T18:11:55Z,2,0,0
2025-07-04T18:11:56Z,0,0,0
2025-07-04T18:11:57Z,0,0,0
2025-07-04T18:11:58Z,0,0,0
2025-07-04T18:11:59Z,0,0,0
2025-07-04T18:12:00Z,0,0,0
2025-07-04T18:12:01Z,0,0,0
2025-07-04T18:12:02Z,0,0,0
2025-07-04T18:12:03Z,0,0,0
2025-07-04T18:12:04Z,0,0,0
2025-07-04T18:12:05Z,0,0,0
2025-07-04T18:12:06Z,0,0,0
2025-07-04T18:12:07Z,0,0,0
2025-07-04T18:12:08Z,0,0,0
2025-07-04T18:12:09Z,0,0,0
2025-07-04T18:12:10Z,0,0,0
2025-07-04T18:12:11Z,0,0,0
2025-07-04T18:12:12Z,0,0,0
2025-07-04T18:12:13Z,0,0,0
2025-07-04T18:12:14Z,0,0,0
2025-07-04T18:12:15Z,0,0,0
2025-07-04T18:12:16Z,0,0,0
2025-07-04T18:12:17Z,0,0,0
2025-07-04T18:12:18Z,0,0,0
2025-07-04T18:12:19Z,0,0,0
2025-07-04T18:12:20Z,0,0,0
2025-07-04T18:12:21Z,0,0,0
2025-07-04T18:12:22Z,0,0,0
2025-07-04T18:12:23Z,0,0,0
2025-07-04T18:12:24Z,0,0,0
2025-07-04T18:12:25Z,0,0,0
2025-07-04T18:12:26Z,0,0,0
2025-07-04T18:12:27Z,1,0,0
2025-07-04T18:12:28Z,0,0,0
2025-07-04T18:12:29Z,2,0,0
2025-07-04T18:12:30Z,2,0,0
2025-07-04T18:12:31Z,1,4430,0
2025-07-04T18:12:32Z,1,740,0
2025-07-04T18:12:33Z,1,730,0
2025-07-04T18:12:34Z,0,0,0
2025-07-04T18:12:35Z,1,740,0
2025-07-04T18:12:36Z,0,0,0
2025-07-04T18:12:37Z,0,0,0
2025-07-04T18:12:38Z,0,0,0
2025-07-04T18:12:39Z,0,0,0
2025-07-04T18:12:40Z,0,0,0
2025-07-04T18:12:41Z,0,0,0
2025-07-04T18:12:42Z,0,0,0
2025-07-04T18:12:43Z,0,0,0
2025-07-04T18:12:44Z,0,0,0
2025-07-04T18:12:45Z,0,0,0
2025-07-04T18:12:46Z,0,0,0
2025-07-04T18:12:47Z,0,0,0
2025-07-04T18:12:48Z,0,0,0
2025-07-04T18:12:49Z,0,0,0
2025-07-04T18:12:50Z,0,0,0
2025-07-04T18:12:51Z,0,0,0
2025-07-04T18:12:52Z,0,0,0
2025-07-04T18:12:53Z,0,0,0
2025-07-04T18:12:54Z,0,0,0
2025-07-04T18:12:55Z,0,0,0
2025-07-04T18:12:56Z,0,0,0
2025-07-04T18:12:57Z,0,0,0
2025-07-04T18:12:58Z,0,0,0
2025-07-04T18:12:59Z,0,0,0
2025-07-04T18:13:00Z,0,0,0
2025-07-04T18:13:01Z,0,0,0
2025-07-04T18:13:02Z,0,0,0
2025-07-04T18:13:03Z,0,0,0
2025-07-04T18:13:04Z,0,0,0
2025-07-04T18:13:05Z,0,0,0
2025-07-04T18:13:06Z,0,0,0
2025-07-04T18:13:07Z,0,0,0
2025-07-04T18:13:08Z,0,0,0
2025-07-04T18:13:09Z,0,0,0
2025-07-04T18:13:10Z,0,0,0
2025-07-04T18:13:11Z,0,0,0
2025-07-04T18:13:12Z,0,0,0
2025-07-04T18:13:13Z,0,0,0
2025-07-04T18:13:14Z,0,0,0
2025-07-04T18:13:15Z,0,0,0
2025-07-04T18:13:16Z,0,0,0
2025-07-04T18:13:17Z,0,0,0
2025-07-04T18:13:18Z,0,0,0
2025-07-04T18:13:19Z,0,0,0
2025-07-04T18:13:20Z,0,0,0
2025-07-04T18:13:21Z,0,0,0
2025-07-04T18:13:22Z,0,0,0
2025-07-04T18:13:23Z,0,0,0
2025-07-04T18:13:24Z,0,0,0
2025-07-04T18:13:25Z,0,0,0
2025-07-04T18:13:26Z,0,0,0
2025-07-04T18:13:27Z,0,0,0
2025-07-04T18:13:28Z,0,0,0
2025-07-04T18:13:29Z,0,0,0
2025-07-04T18:13:30Z,0,0,0
2025-07-04T18:13:31Z,0,0,0
2025-07-04T18:13:32Z,0,0,0
2025-07-04T18:13:33Z,2,0,0
2025-07-04T18:13:34Z,2,0,0
2025-07-04T18:13:35Z,0,0,0
2025-07-04T18:13:36Z,0,0,0
2025-07-04T18:13:37Z,0,0,0
2025-07-04T18:13:38Z,0,0,0
2025-07-04T18:13:39Z,0,0,0
2025-07-04T18:13:40Z,0,0,0
2025-07-04T18:13:41Z,0,0,0
2025-07-04T18:13:42Z,0,0,0
2025-07-04T18:13:43Z,0,0,0
2025-07-04T18:13:44Z,0,0,0
2025-07-04T18:13:45Z,0,0,0
2025-07-04T18:13:46Z,0,0,0
2025-07-04T18:13:47Z,0,0,0
2025-07-04T18:13:48Z,0,0,0
2025-07-04T18:13:49Z,0,0,0
2025-07-04T18:13:50Z,0,0,0
2025-07-04T18:13:51Z,0,0,0
2025-07-04T18:13:52Z,0,0,0
2025-07-04T18:13:53Z,0,0,0
2025-07-04T18:13:54Z,0,0,0
2025-07-04T18:13:55Z,0,0,0
2025-07-04T18:13:56Z,0,0,0
2025-07-04T18:13:57Z,0,0,0
2025-07-04T18:13:58Z,0,0,0
2025-07-04T18:13:59Z,0,0,0
2025-07-04T18:14:00Z,1,0,0
2025-07-04T18:14:01Z,1,0,0
2025-07-04T18:14:02Z,0,0,0
2025-07-04T18:14:03Z,2,0,0
2025-07-04T18:14:04Z,1,0,0
2025-07-04T18:14:05Z,1,0,0
2025-07-04T18:14:06Z,1,5160,0
2025-07-04T18:14:07Z,1,730,0
2025-07-04T18:14:08Z,0,0,0
2025-07-04T18:14:09Z,0,0,0
2025-07-04T18:14:10Z,0,0,0
2025-07-04T18:14:11Z,0,0,0
2025-07-04T18:14:12Z,0,0,0
2025-07-04T18:14:13Z,0,0,0
2025-07-04T18:14:14Z,0,0,0
2025-07-04T18:14:15Z,0,0,0
2025-07-04T18:14:16Z,0,0,0
2025-07-04T18:14:17Z,0,0,0
2025-07-04T18:14:18Z,0,0,0
2025-07-04T18:14:19Z,0,0,0
2025-07-04T18:14:20Z,0,0,0
2025-07-04T18:14:21Z,0,0,0
2025-07-04T18:14:22Z,0,0,0
2025-07-04T18:14:23Z,0,0,0
2025-07-04T18:14:24Z,0,0,0
2025-07-04T18:14:25Z,0,0,0
2025-07-04T18:14:26Z,0,0,0
2025-07-04T18:14:27Z,0,0,0
2025-07-04T18:14:28Z,0,0,0
2025-07-04T18:14:29Z,0,0,0
2025-07-04T18:14:30Z,0,0,0
2025-07-04T18:14:31Z,0,0,0
2025-07-04T18:14:32Z,0,0,0
2025-07-04T18:14:33Z,0,0,0
2025-07-04T18:14:34Z,0,0,0
2025-07-04T18:14:35Z,0,0,0
2025-07-04T18:14:36Z,0,0,0
2025-07-04T18:14:37Z,0,0,0
2025-07-04T18:14:38Z,0,0,0
2025-07-04T18:14:39Z,0,0,0
2025-07-04T18:14:40Z,0,0,0
2025-07-04T18:14:41Z,0,0,0
2025-07-04T18:14:42Z,0,0,0
2025-07-04T18:14:43Z,0,0,0
2025-07-04T18:14:44Z,0,0,0
2025-07-04T18:14:45Z,0,0,0
2025-07-04T18:14:46Z,0,0,0
2025-07-04T18:14:47Z,0,0,0
2025-07-04T18:14:48Z,0,0,0
2025-07-04T18:14:49Z,0,0,0
2025-07-04T18:14:50Z,0,0,0
2025-07-04T18:14:51Z,0,0,0
2025-07-04T18:14:52Z,0,0,0
2025-07-04T18:14:53Z,0,0,0
2025-07-04T18:14:54Z,0,0,0
2025-07-04T18:14:55Z,0,0,0
2025-07-04T18:14:56Z,0,0,0
2025-07-04T18:14:57Z,0,0,0
2025-07-04T18:14:58Z,0,0,0
2025-07-04T18:14:59Z,0,0,0
2025-07-04T18:15:00Z,0,0,0
2025-07-04T18:15:01Z,0,0,0
2025-07-04T18:15:02Z,0,0,0
2025-07-04T18:15:03Z,0,0,0
2025-07-04T18:15:04Z,0,0,0
2025-07-04T18:15:05Z,0,0,0
2025-07-04T18:15:06Z,0,0,0
2025-07-04T18:15:07Z,0,0,0
2025-07-04T18:15:08Z,0,0,0
2025-07-04T18:15:09Z,0,0,0
2025-07-04T18:15:10Z,0,0,0
2025-07-04T18:15:11Z,0,0,0
2025-07-04T18:15:12Z,0,0,0
2025-07-04T18:15:13Z,0,0,0
2025-07-04T18:15:14Z,2,0,0
2025-07-04T18:15:15Z,2,0,0
2025-07-04T18:15:16Z,0,0,0
2025-07-04T18:15:17Z,0,0,0
2025-07-04T18:15:18Z,0,0,0
2025-07-04T18:15:19Z,0,0,0
2025-07-04T18:15:20Z,0,0,0
2025-07-04T18:15:21Z,0,0,0
2025-07-04T18:15:22Z,0,0,0
2025-07-04T18:15:23Z,0,0,0
2025-07-04T18:15:24Z,0,0,0
2025-07-04T18:15:25Z,0,0,0
2025-07-04T18:15:26Z,0,0,0
2025-07-04T18:15:27Z,0,0,0
2025-07-04T18:15:28Z,0,0,0
2025-07-04T18:15:29Z,0,0,0
2025-07-04T18:15:30Z,0,0,0
2025-07-04T18:15:31Z,0,0,0
2025-07-04T18:15:32Z,0,0,0
2025-07-04T18:15:33Z,0,0,0
2025-07-04T18:15:34Z,0,0,0
2025-07-04T18:15:35Z,0,0,0
2025-07-04T18:15:36Z,0,0,0
2025-07-04T18:15:37Z,0,0,0
2025-07-04T18:15:38Z,0,0,0
2025-07-04T18:15:39Z,0,0,0
2025-07-04T18:15:40Z,0,0,0
2025-07-04T18:15:41Z,0,0,0
2025-07-04T18:15:42Z,0,0,0
2025-07-04T18:15:43Z,0,0,0
2025-07-04T18:15:44Z,0,0,0
2025-07-04T18:15:45Z,0,0,0
2025-07-04T18:15:46Z,0,0,0
2025-07-04T18:15:47Z,0,0,0
2025-07-04T18:15:48Z,0,0,0
2025-07-04T18:15:49Z,0,0,0
2025-07-04T18:15:50Z,0,0,0
2025-07-04T18:15:51Z,0,0,0
2025-07-04T18:15:52Z,0,0,0
2025-07-04T18:15:53Z,0,0,0
2025-07-04T18:15:54Z,0,0,0
2025-07-04T18:15:55Z,0,0,0
2025-07-04T18:15:56Z,0,0,0
2025-07-04T18:15:57Z,0,0,0
2025-07-04T18:15:58Z,0,0,0
2025-07-04T18:15:59Z,0,0,0
2025-07-04T18:16:00Z,0,0,0
2025-07-04T18:16:01Z,0,0,0
2025-07-04T18:16:02Z,0,0,0
2025-07-04T18:16:03Z,0,0,0
2025-07-04T18:16:04Z,0,0,0
2025-07-04T18:16:05Z,0,0,0
2025-07-04T18:16:06Z,0,0,0
2025-07-04T18:16:07Z,0,0,0
2025-07-04T18:16:08Z,0,0,0
2025-07-04T18:16:09Z,0,0,0
2025-07-04T18:16:10Z,0,0,0
2025-07-04T18:16:11Z,0,0,0
2025-07-04T18:16:12Z,0,0,0
2025-07-04T18:16:13Z,0,0,0
2025-07-04T18:16:14Z,0,0,0
2025-07-04T18:16:15Z,0,0,0
2025-07-04T18:16:16Z,0,0,0
2025-07-04T18:16:17Z,0,0,0
2025-07-04T18:16:18Z,0,0,0
2025-07-04T18:16:19Z,0,0,0
2025-07-04T18:16:20Z,0,0,0
2025-07-04T18:16:21Z,0,0,0
2025-07-04T18:16:22Z,0,0,0
2025-07-04T18:16:23Z,0,0,0
2025-07-04T18:16:24Z,0,0,0
2025-07-04T18:16:25Z,0,0,0
2025-07-04T18:16:26Z,0,0,0
2025-07-04T18:16:27Z,0,0,0
2025-07-04T18:16:28Z,0,0,0
2025-07-04T18:16:29Z,0,0,0
2025-07-04T18:16:30Z,0,0,0
2025-07-04T18:16:31Z,0,0,0
2025-07-04T18:16:32Z,0,0,0
2025-07-04T18:16:33Z,0,0,0
2025-07-04T18:16:34Z,0,0,0
2025-07-04T18:16:35Z,0,0,0
2025-07-04T18:16:36Z,0,0,0
2025-07-04T18:16:37Z,0,0,0
2025-07-04T18:16:38Z,0,0,0
2025-07-04T18:16:39Z,0,0,0
2025-07-04T18:16:40Z,0,0,0
2025-07-04T18:16:41Z,0,0,0
2025-07-04T18:16:42Z,0,0,0
2025-07-04T18:16:43Z,0,0,0
2025-07-04T18:16:44Z,0,0,0
2025-07-04T18:16:45Z,0,0,0
2025-07-04T18:16:46Z,0,0,0
2025-07-04T18:16:47Z,0,0,0
2025-07-04T18:16:48Z,0,0,0
2025-07-04T18:16:49Z,0,0,0
2025-07-04T18:16:50Z,0,0,0
2025-07-04T18:16:51Z,0,0,0
2025-07-04T18:16:52Z,0,0,0
2025-07-04T18:16:53Z,0,0,0
2025-07-04T18:16:54Z,2,0,0
2025-07-04T18:16:55Z,2,0,0
2025-07-04T18:16:56Z,0,0,0
2025-07-04T18:16:57Z,0,0,0
2025-07-04T18:16:58Z,0,0,0
2025-07-04T18:16:59Z,0,0,0
2025-07-04T18:17:00Z,0,0,0
2025-07-04T18:17:01Z,0,0,0
2025-07-04T18:17:02Z,0,0,0
2025-07-04T18:17:03Z,0,0,0
2025-07-04T18:17:04Z,0,0,0
2025-07-04T18:17:05Z,0,0,0
2025-07-04T18:17:06Z,0,0,0
2025-07-04T18:17:07Z,0,0,0
2025-07-04T18:17:08Z,0,0,0
2025-07-04T18:17:09Z,0,0,0
2025-07-04T18:17:10Z,0,0,0
2025-07-04T18:17:11Z,0,0,0
2025-07-04T18:17:12Z,0,0,0
2025-07-04T18:17:13Z,0,0,0
2025-07-04T18:17:14Z,0,0,0
2025-07-04T18:17:15Z,0,0,0
2025-07-04T18:17:16Z,0,0,0
2025-07-04T18:17:17Z,0,0,0
2025-07-04T18:17:18Z,0,0,0
2025-07-04T18:17:19Z,0,0,0
2025-07-04T18:17:20Z,0,0,0
2025-07-04T18:17:21Z,0,0,0
2025-07-04T18:17:22Z,0,0,0
2025-07-04T18:17:23Z,0,0,0
2025-07-04T18:17:24Z,0,0,0
2025-07-04T18:17:25Z,0,0,0
2025-07-04T18:17:26Z,0,0,0
2025-07-04T18:17:27Z,0,0,0
2025-07-04T18:17:28Z,0,0,0
2025-07-04T18:17:29Z,0,0,0
2025-07-04T18:17:30Z,0,0,0
2025-07-04T18:17:31Z,0,0,0
2025-07-04T18:17:32Z,0,0,0
2025-07-04T18:17:33Z,0,0,0
2025-07-04T18:17:34Z,0,0,0
2025-07-04T18:17:35Z,0,0,0
2025-07-04T18:17:36Z,0,0,0
2025-07-04T18:17:37Z,0,0,0
2025-07-04T18:17:38Z,0,0,0
2025-07-04T18:17:39Z,0,0,0
2025-07-04T18:17:40Z,0,0,0
2025-07-04T18:17:41Z,0,0,0
2025-07-04T18:17:42Z,0,0,0
2025-07-04T18:17:43Z,0,0,0
2025-07-04T18:17:44Z,0,0,0
2025-07-04T18:17:45Z,0,0,0
2025-07-04T18:17:46Z,0,0,0
2025-07-04T18:17:47Z,0,0,0
2025-07-04T18:17:48Z,0,0,0
2025-07-04T18:17:49Z,0,0,0
2025-07-04T18:17:50Z,0,0,0
2025-07-04T18:17:51Z,0,0,0
2025-07-04T18:17:52Z,0,0,0
2025-07-04T18:17:53Z,0,0,0
2025-07-04T18:17:54Z,0,0,0
2025-07-04T18:17:55Z,0,0,0
2025-07-04T18:17:56Z,0,0,0
2025-07-04T18:17:57Z,0,0,0
2025-07-04T18:17:58Z,0,0,0
2025-07-04T18:17:59Z,0,0,0
2025-07-04T18:18:00Z,0,0,0
2025-07-04T18:18:01Z,0,0,0
2025-07-04T18:18:02Z,0,0,0
2025-07-04T18:18:03Z,0,0,0
2025-07-04T18:18:04Z,0,0,0
2025-07-04T18:18:05Z,0,0,0
2025-07-04T18:18:06Z,0,0,0
2025-07-04T18:18:07Z,0,0,0
2025-07-04T18:18:08Z,0,0,0
2025-07-04T18:18:09Z,0,0,0
2025-07-04T18:18:10Z,0,0,0
2025-07-04T18:18:11Z,0,0,0
2025-07-04T18:18:12Z,0,0,0
2025-07-04T18:18:13Z,0,0,0
2025-07-04T18:18:14Z,0,0,0
2025-07-04T18:18:15Z,0,0,0
2025-07-04T18:18:16Z,0,0,0
2025-07-04T18:18:17Z,0,0,0
2025-07-04T18:18:18Z,0,0,0
2025-07-04T18:18:19Z,0,0,0
2025-07-04T18:18:20Z,0,0,0
2025-07-04T18:18:21Z,0,0,0
2025-07-04T18:18:22Z,0,0,0
2025-07-04T18:18:23Z,0,0,0
2025-07-04T18:18:24Z,0,0,0
2025-07-04T18:18:25Z,0,0,0
2025-07-04T18:18:26Z,0,0,0
2025-07-04T18:18:27Z,0,0,0
2025-07-04T18:18:28Z,0,0,0
2025-07-04T18:18:29Z,0,0,0
2025-07-04T18:18:30Z,0,0,0
2025-07-04T18:18:31Z,0,0,0
2025-07-04T18:18:32Z,0,0,0
2025-07-04T18:18:33Z,0,0,0
2025-07-04T18:18:34Z,2,0,0
2025-07-04T18:18:35Z,2,0,0
2025-07-04T18:18:36Z,0,0,0
2025-07-04T18:18:37Z,0,0,0
2025-07-04T18:18:38Z,0,0,0
2025-07-04T18:18:39Z,0,0,0
2025-07-04T18:18:40Z,0,0,0
2025-07-04T18:18:41Z,0,0,0
2025-07-04T18:18:42Z,0,0,0
2025-07-04T18:18:43Z,0,0,0
2025-07-04T18:18:44Z,0,0,0
2025-07-04T18:18:45Z,0,0,0
2025-07-04T18:18:46Z,0,0,0
2025-07-04T18:18:47Z,0,0,0
2025-07-04T18:18:48Z,0,0,0
2025-07-04T18:18:49Z,0,0,0
2025-07-04T18:18:50Z,0,0,0
2025-07-04T18:18:51Z,0,0,0
2025-07-04T18:18:52Z,0,0,0
2025-07-04T18:18:53Z,0,0,0
2025-07-04T18:18:54Z,0,0,0
2025-07-04T18:18:55Z,0,0,0
2025-07-04T18:18:56Z,0,0,0
2025-07-04T18:18:57Z,0,0,0
2025-07-04T18:18:58Z,0,0,0
2025-07-04T18:18:59Z,0,0,0
2025-07-04T18:19:00Z,0,0,0
2025-07-04T18:19:01Z,0,0,0
2025-07-04T18:19:02Z,0,0,0
2025-07-04T18:19:03Z,0,0,0
2025-07-04T18:19:04Z,0,0,0
2025-07-04T18:19:05Z,0,0,0
2025-07-04T18:19:06Z,0,0,0
2025-07-04T18:19:07Z,0,0,0
2025-07-04T18:19:08Z,0,0,0
2025-07-04T18:19:09Z,0,0,0
2025-07-04T18:19:10Z,0,0,0
2025-07-04T18:19:11Z,0,0,0
2025-07-04T18:19:12Z,0,0,0
2025-07-04T18:19:13Z,0,0,0
2025-07-04T18:19:14Z,0,0,0
2025-07-04T18:19:15Z,0,0,0
2025-07-04T18:19:16Z,0,0,0
2025-07-04T18:19:17Z,0,0,0
2025-07-04T18:19:18Z,0,0,0
2025-07-04T18:19:19Z,0,0,0
2025-07-04T18:19:20Z,0,0,0
2025-07-04T18:19:21Z,0,0,0
2025-07-04T18:19:22Z,0,0,0
2025-07-04T18:19:23Z,0,0,0
2025-07-04T18:19:24Z,0,0,0
2025-07-04T18:19:25Z,0,0,0
2025-07-04T18:19:26Z,0,0,0
2025-07-04T18:19:27Z,0,0,0
2025-07-04T18:19:28Z,0,0,0
2025-07-04T18:19:29Z,0,0,0
2025-07-04T18:19:30Z,0,0,0
2025-07-04T18:19:31Z,0,0,0
2025-07-04T18:19:32Z,0,0,0
2025-07-04T18:19:33Z,0,0,0
2025-07-04T18:19:34Z,0,0,0
2025-07-04T18:19:35Z,0,0,0
2025-07-04T18:19:36Z,0,0,0
2025-07-04T18:19:37Z,0,0,0
2025-07-04T18:19:38Z,0,0,0
2025-07-04T18:19:39Z,0,0,0
2025-07-04T18:19:40Z,0,0,0
2025-07-04T18:19:41Z,0,0,0
2025-07-04T18:19:42Z,1,0,0
2025-07-04T18:19:43Z,1,0,0
2025-07-04T18:19:44Z,1,0,0
2025-07-04T18:19:45Z,0,0,0
2025-07-04T18:19:46Z,2,0,0
2025-07-04T18:19:47Z,1,0,0
2025-07-04T18:19:48Z,1,0,0
2025-07-04T18:19:49Z,1,5910,0
2025-07-04T18:19:50Z,1,730,0
2025-07-04T18:19:51Z,0,0,0
2025-07-04T18:19:52Z,0,0,0
2025-07-04T18:19:53Z,0,0,0
2025-07-04T18:19:54Z,0,0,0
2025-07-04T18:19:55Z,0,0,0
2025-07-04T18:19:56Z,0,0,0
2025-07-04T18:19:57Z,0,0,0
2025-07-04T18:19:58Z,0,0,0
2025-07-04T18:20:31Z,0,0,0
2025-07-04T18:20:32Z,0,0,0
2025-07-04T18:20:33Z,0,0,0
2025-07-04T18:20:34Z,0,0,0
2025-07-04T18:20:35Z,0,0,0
2025-07-04T18:20:36Z,0,0,0
2025-07-04T18:24:44Z,0,0,0
2025-07-04T18:24:45Z,2,0,0
2025-07-04T18:24:46Z,2,180,0
2025-07-04T18:24:47Z,2,290,0
2025-07-04T18:24:48Z,1,430,0
2025-07-04T18:24:49Z,2,570,0
2025-07-04T18:24:50Z,2,680,0
2025-07-04T18:24:51Z,2,780,0
2025-07-04T18:24:52Z,2,850,0
2025-07-04T18:24:53Z,2,930,0
2025-07-04T18:24:54Z,2,1000,0
2025-07-04T18:24:55Z,2,1050,0
2025-07-04T18:24:56Z,2,1350,0
2025-07-04T18:24:57Z,2,1370,0
2025-07-04T18:24:58Z,1,1360,0
2025-07-04T18:24:59Z,2,1350,0
2025-07-04T18:25:00Z,2,1350,0
2025-07-04T18:25:01Z,1,1340,0
2025-07-04T18:25:02Z,2,1340,0
2025-07-04T18:25:03Z,2,1330,0
2025-07-04T18:25:04Z,2,1330,0
2025-07-04T18:25:05Z,2,1330,0
2025-07-04T18:25:06Z,2,1330,0
2025-07-04T18:25:07Z,1,1330,0
2025-07-04T18:25:08Z,2,1320,0
2025-07-04T18:25:09Z,2,1330,0
2025-07-04T18:25:10Z,2,1330,0
2025-07-04T18:25:11Z,1,1320,0
2025-07-04T18:25:12Z,2,1320,0
2025-07-04T18:25:13Z,2,1320,0
2025-07-04T18:25:14Z,2,1320,0
2025-07-04T18:25:15Z,2,1320,0
2025-07-04T18:25:16Z,2,1360,0
2025-07-04T18:25:17Z,2,1380,0
2025-07-04T18:25:18Z,1,1390,0
2025-07-04T18:25:19Z,2,1380,0
2025-07-04T18:25:20Z,2,1380,0
2025-07-04T18:25:21Z,2,1390,0
2025-07-04T18:25:22Z,2,1370,0
2025-07-04T18:25:23Z,2,1380,0
2025-07-04T18:25:24Z,2,1390,0
2025-07-04T18:25:25Z,2,1380,0
2025-07-04T18:25:26Z,1,1380,0
2025-07-04T18:25:27Z,2,1390,0
2025-07-04T18:25:28Z,1,1370,0
2025-07-04T18:25:29Z,2,1380,0
2025-07-04T18:25:30Z,2,1360,0
2025-07-04T18:25:31Z,2,1370,0
2025-07-04T18:25:32Z,1,1360,0
2025-07-04T18:25:33Z,2,1360,0
2025-07-04T18:25:34Z,2,1360,0
2025-07-04T18:25:35Z,2,1360,0
2025-07-04T18:25:36Z,2,1360,0
2025-07-04T18:25:37Z,2,1360,0
2025-07-04T18:25:38Z,2,1360,0
2025-07-04T18:25:39Z,2,1370,0
2025-07-04T18:25:40Z,1,1370,0
2025-07-04T18:25:41Z,2,1360,0
2025-07-04T18:25:42Z,2,1360,0
2025-07-04T18:25:43Z,2,1360,0
2025-07-04T18:25:44Z,2,1360,0
2025-07-04T18:25:45Z,2,1370,0
2025-07-04T18:25:46Z,1,1360,0
2025-07-04T18:25:47Z,1,1360,0
2025-07-04T18:25:48Z,1,1270,0
2025-07-04T18:25:49Z,3,1280,0
2025-07-04T18:25:50Z,2,1270,0
2025-07-04T18:25:51Z,2,1270,0
2025-07-04T18:25:52Z,2,1320,0
2025-07-04T18:25:53Z,1,1330,0
2025-07-04T18:25:54Z,2,1330,0
2025-07-04T18:25:55Z,2,1330,0
2025-07-04T18:25:56Z,2,1330,0
2025-07-04T18:25:57Z,2,1320,0
2025-07-04T18:25:58Z,2,1330,0
2025-07-04T18:25:59Z,1,1330,0
2025-07-04T18:26:00Z,2,1330,0
2025-07-04T18:26:01Z,2,1330,0
2025-07-04T18:26:02Z,2,1320,0
2025-07-04T18:26:03Z,2,1330,0
2025-07-04T18:26:04Z,1,1330,0
2025-07-04T18:26:05Z,2,1330,0
2025-07-04T18:26:06Z,2,1330,0
2025-07-04T18:26:07Z,2,1320,0
2025-07-04T18:26:08Z,1,1320,0
2025-07-04T18:26:09Z,2,1330,0
2025-07-04T18:26:10Z,2,1320,0
2025-07-04T18:26:11Z,2,1320,0
2025-07-04T18:26:12Z,2,1320,0
2025-07-04T18:26:13Z,1,1320,0
2025-07-04T18:26:14Z,2,1320,0
2025-07-04T18:26:15Z,2,1320,0
2025-07-04T18:26:16Z,2,1320,0
2025-07-04T18:26:17Z,1,1320,0
2025-07-04T18:26:18Z,2,1320,0
2025-07-04T18:26:19Z,2,1320,0
2025-07-04T18:26:20Z,2,1320,0
2025-07-04T18:26:21Z,2,1320,0
2025-07-04T18:26:22Z,2,1330,0
2025-07-04T18:26:23Z,1,1330,0
2025-07-04T18:26:24Z,2,1320,0
2025-07-04T18:26:25Z,1,1320,0
2025-07-04T18:26:26Z,2,1320,0
2025-07-04T18:26:27Z,1,1250,0
2025-07-04T18:26:28Z,3,1250,0
2025-07-04T18:26:29Z,0,1190,0
2025-07-04T18:26:30Z,3,1200,0
2025-07-04T18:26:31Z,0,1150,0
2025-07-04T18:26:32Z,0,1090,0
2025-07-04T18:26:33Z,0,920,0
2025-07-04T18:26:34Z,0,810,0
2025-07-04T18:26:35Z,1,0,0
2025-07-04T18:26:36Z,0,0,0
2025-07-04T18:26:37Z,3,0,0
2025-07-04T18:26:38Z,0,0,0
2025-07-04T18:26:39Z,1,0,0
2025-07-04T18:26:40Z,1,150,0
2025-07-04T18:26:41Z,0,260,0
2025-07-04T18:26:42Z,2,400,0
2025-07-04T18:26:43Z,3,620,0
2025-07-04T18:26:44Z,1,810,0
2025-07-04T18:26:45Z,2,890,0
2025-07-04T18:26:46Z,2,890,0
2025-07-04T18:26:47Z,2,1010,0
2025-07-04T18:26:48Z,1,1080,0
2025-07-04T18:26:49Z,2,1090,0
2025-07-04T18:26:50Z,2,1130,0
2025-07-04T18:26:51Z,1,1190,0
2025-07-04T18:26:52Z,2,1190,0
2025-07-04T18:26:53Z,2,1210,0
2025-07-04T18:26:54Z,1,1220,0
2025-07-04T18:26:55Z,2,1220,0
2025-07-04T18:26:56Z,2,1240,0
2025-07-04T18:26:57Z,1,1250,0
2025-07-04T18:26:58Z,2,1240,0
2025-07-04T18:26:59Z,2,1260,0
2025-07-04T18:27:00Z,2,1270,0
2025-07-04T18:27:01Z,2,1270,0
2025-07-04T18:27:02Z,2,1330,0
2025-07-04T18:27:03Z,2,1360,0
2025-07-04T18:27:04Z,1,1360,0
2025-07-04T18:27:05Z,2,1360,0
2025-07-04T18:27:06Z,2,1360,0
2025-07-04T18:27:07Z,2,1360,0
2025-07-04T18:27:08Z,2,1360,0
2025-07-04T18:27:09Z,2,1380,0
2025-07-04T18:27:10Z,2,1410,0
2025-07-04T18:27:11Z,2,1400,0
2025-07-04T18:27:12Z,0,1400,0
2025-07-04T18:27:13Z,2,1400,0
2025-07-04T18:27:14Z,1,1300,0
2025-07-04T18:27:15Z,2,1240,0
2025-07-04T18:27:16Z,2,1180,0
2025-07-04T18:27:17Z,1,1180,0
2025-07-04T18:27:18Z,2,1180,0
2025-07-04T18:27:19Z,1,1180,0
2025-07-04T18:27:20Z,2,1180,0
2025-07-04T18:27:21Z,2,1180,0
2025-07-04T18:27:22Z,1,1180,0
2025-07-04T18:27:23Z,2,1180,0
2025-07-04T18:27:24Z,2,1180,0
2025-07-04T18:27:25Z,1,1190,0
2025-07-04T18:27:26Z,2,1190,0
2025-07-04T18:27:27Z,2,1190,0
2025-07-04T18:27:28Z,1,1180,0
2025-07-04T18:27:29Z,2,1190,0
2025-07-04T18:27:30Z,2,1200,0
2025-07-04T18:27:31Z,2,1190,0
2025-07-04T18:27:32Z,1,1200,0
2025-07-04T18:27:33Z,3,1260,0
2025-07-04T18:27:34Z,2,1320,0
2025-07-04T18:27:35Z,1,1310,0
2025-07-04T18:27:36Z,2,1310,0
2025-07-04T18:27:37Z,2,1350,0
2025-07-04T18:27:38Z,1,1350,0
2025-07-04T18:27:39Z,3,1360,0
2025-07-04T18:27:40Z,2,1350,0
2025-07-04T18:27:41Z,1,1350,0
2025-07-04T18:27:42Z,1,1340,0
2025-07-04T18:27:43Z,2,1350,0
2025-07-04T18:27:44Z,2,1340,0
2025-07-04T18:27:45Z,0,1230,0
2025-07-04T18:27:46Z,0,1100,0
2025-07-04T18:27:47Z,1,970,0
2025-07-04T18:27:48Z,1,0,0
2025-07-04T18:27:49Z,2,0,0
2025-07-04T18:27:50Z,1,0,0
2025-07-04T18:27:51Z,1,0,0
2025-07-04T18:27:52Z,1,0,0
2025-07-04T18:27:53Z,2,0,0
2025-07-04T18:27:54Z,2,150,0
2025-07-04T18:27:55Z,2,320,0
2025-07-04T18:27:56Z,2,530,0
2025-07-04T18:27:57Z,2,740,0
2025-07-04T18:27:58Z,1,940,0
2025-07-04T18:27:59Z,2,1020,0
2025-07-04T18:28:00Z,2,1080,0
2025-07-04T18:28:01Z,2,1120,0
2025-07-04T18:28:02Z,2,1160,0
2025-07-04T18:28:03Z,2,1220,0
2025-07-04T18:28:04Z,2,1330,0
2025-07-04T18:28:05Z,1,1320,0
2025-07-04T18:28:06Z,2,1330,0
2025-07-04T18:28:07Z,2,1330,0
2025-07-04T18:28:08Z,2,1330,0
2025-07-04T18:28:09Z,2,1330,0
2025-07-04T18:28:10Z,1,1320,0
2025-07-04T18:28:11Z,1,1320,0
2025-07-04T18:28:12Z,3,1330,0
2025-07-04T18:28:13Z,2,1320,0
2025-07-04T18:28:14Z,1,1320,0
2025-07-04T18:28:15Z,2,1320,0
2025-07-04T18:28:16Z,2,1360,0
2025-07-04T18:28:17Z,2,1350,0
2025-07-04T18:28:18Z,2,1350,0
2025-07-04T18:28:19Z,2,1380,0
2025-07-04T18:28:20Z,1,1380,0
2025-07-04T18:28:21Z,2,1390,0
2025-07-04T18:28:22Z,2,1370,0
2025-07-04T18:28:23Z,2,1380,0
2025-07-04T18:28:24Z,2,1370,0
2025-07-04T18:28:25Z,2,1380,0
2025-07-04T18:28:26Z,2,1380,0
2025-07-04T18:28:27Z,1,1370,0
2025-07-04T18:28:28Z,2,1380,0
2025-07-04T18:28:29Z,2,1370,0
2025-07-04T18:28:30Z,2,1380,0
2025-07-04T18:28:31Z,1,1360,0
2025-07-04T18:28:32Z,2,1370,0
2025-07-04T18:28:33Z,2,1370,0
2025-07-04T18:28:34Z,2,1370,0
2025-07-04T18:28:35Z,0,1280,0
2025-07-04T18:28:36Z,2,1280,0
2025-07-04T18:28:37Z,3,1280,0
2025-07-04T18:28:38Z,1,1270,0
2025-07-04T18:28:39Z,2,1280,0
2025-07-04T18:28:40Z,0,1270,0
2025-07-04T18:28:41Z,0,1170,0
2025-07-04T18:28:42Z,0,990,0
2025-07-04T18:28:43Z,0,0,0
2025-07-04T18:28:44Z,0,0,0
2025-07-04T18:28:45Z,0,0,0
2025-07-04T18:28:46Z,0,0,0
2025-07-04T18:28:47Z,0,0,0
2025-07-04T18:28:48Z,0,0,0
2025-07-04T18:28:49Z,0,0,0
2025-07-04T18:28:50Z,0,0,0
2025-07-04T18:28:51Z,0,0,0
2025-07-04T18:28:52Z,0,0,0
2025-07-04T18:28:53Z,0,0,0
2025-07-04T18:28:54Z,0,0,0
2025-07-04T18:28:55Z,0,0,0
2025-07-04T18:28:56Z,0,0,0
2025-07-04T18:28:57Z,0,0,0
2025-07-04T18:28:58Z,0,0,0
2025-07-04T18:28:59Z,0,0,0
2025-07-04T18:29:00Z,0,0,0
2025-07-04T18:29:01Z,0,0,0
2025-07-04T18:29:02Z,0,0,0
2025-07-04T18:29:03Z,0,0,0
2025-07-04T18:29:04Z,0,0,0
2025-07-04T18:29:05Z,0,0,0
2025-07-04T18:29:06Z,0,0,0
2025-07-04T18:29:07Z,0,0,0
2025-07-04T18:29:08Z,0,0,0
2025-07-04T18:29:09Z,0,0,0
2025-07-04T18:29:10Z,0,0,0
2025-07-04T18:29:11Z,0,0,0
2025-07-04T18:29:12Z,0,0,0
2025-07-04T18:29:13Z,0,0,0
2025-07-04T18:29:14Z,0,0,0
2025-07-04T18:29:15Z,0,0,0
2025-07-04T18:29:16Z,0,0,0
2025-07-04T18:29:17Z,0,0,0
2025-07-04T18:29:18Z,0,0,0
2025-07-04T18:29:19Z,0,0,0
2025-07-04T18:29:20Z,0,0,0
2025-07-04T18:29:21Z,0,0,0
2025-07-04T18:29:22Z,0,0,0
2025-07-04T18:29:23Z,0,0,0
2025-07-04T18:29:24Z,0,0,0
2025-07-04T18:29:25Z,0,0,0
2025-07-04T18:29:26Z,0,0,0
2025-07-04T18:29:27Z,0,0,0
2025-07-04T18:29:28Z,0,0,0
2025-07-04T18:29:29Z,0,0,0
2025-07-04T18:29:30Z,0,0,0
2025-07-04T18:29:31Z,0,0,0
2025-07-04T18:29:32Z,0,0,0
2025-07-04T18:29:33Z,0,0,0
2025-07-04T18:29:34Z,0,0,0
2025-07-04T18:29:35Z,0,0,0
2025-07-04T18:29:36Z,0,0,0
2025-07-04T18:29:37Z,0,0,0
2025-07-04T18:29:38Z,0,0,0
2025-07-04T18:29:39Z,0,0,0
2025-07-04T18:29:40Z,0,0,0
2025-07-04T18:29:41Z,0,0,0
2025-07-04T18:29:42Z,0,0,0
2025-07-04T18:29:43Z,0,0,0
2025-07-04T18:29:44Z,0,0,0
2025-07-04T18:29:45Z,0,0,0
2025-07-04T18:29:46Z,0,0,0
2025-07-04T18:29:47Z,0,0,0
2025-07-04T18:29:48Z,0,0,0
2025-07-04T18:29:49Z,0,0,0
2025-07-04T18:29:50Z,0,0,0
2025-07-04T18:29:51Z,0,0,0
2025-07-04T18:29:52Z,0,0,0
2025-07-04T18:29:53Z,0,0,0
2025-07-04T18:29:54Z,0,0,0
2025-07-04T18:29:55Z,0,0,0
2025-07-04T18:29:56Z,0,0,0
2025-07-04T18:29:57Z,0,0,0
2025-07-04T18:29:58Z,0,0,0
2025-07-04T18:29:59Z,0,0,0
2025-07-04T18:30:00Z,0,0,0
2025-07-04T18:30:01Z,0,0,0
2025-07-04T18:30:02Z,0,0,0
2025-07-04T18:30:03Z,0,0,0
2025-07-04T18:30:04Z,0,0,0
2025-07-04T18:30:05Z,2,0,0
2025-07-04T18:30:06Z,2,0,0
2025-07-04T18:30:07Z,0,0,0
2025-07-04T18:30:08Z,0,0,0
2025-07-04T18:30:09Z,0,0,0
2025-07-04T18:30:10Z,0,0,0
2025-07-04T18:30:11Z,0,0,0
2025-07-04T18:30:12Z,0,0,0
2025-07-04T18:30:13Z,0,0,0
2025-07-04T18:30:14Z,0,0,0
2025-07-04T18:30:15Z,0,0,0
2025-07-04T18:30:16Z,0,0,0
2025-07-04T18:30:17Z,0,0,0
2025-07-04T18:30:18Z,0,0,0
2025-07-04T18:30:19Z,0,0,0
2025-07-04T18:30:20Z,0,0,0
2025-07-04T18:30:21Z,0,0,0
2025-07-04T18:30:22Z,0,0,0
2025-07-04T18:30:23Z,0,0,0
2025-07-04T18:30:24Z,0,0,0
2025-07-04T18:30:25Z,0,0,0
2025-07-04T18:30:26Z,0,0,0
2025-07-04T18:30:27Z,0,0,0
2025-07-04T18:30:28Z,0,0,0
2025-07-04T18:30:29Z,0,0,0
2025-07-04T18:30:30Z,0,0,0
2025-07-04T18:30:31Z,0,0,0
2025-07-04T18:30:32Z,0,0,0
2025-07-04T18:30:33Z,0,0,0
2025-07-04T18:30:34Z,0,0,0
2025-07-04T18:30:35Z,0,0,0
2025-07-04T18:30:36Z,0,0,0
2025-07-04T18:30:37Z,0,0,0
2025-07-04T18:30:38Z,0,0,0
2025-07-04T18:30:39Z,0,0,0
2025-07-04T18:30:40Z,0,0,0
2025-07-04T18:30:41Z,0,0,0
2025-07-04T18:30:42Z,0,0,0
2025-07-04T18:30:43Z,0,0,0
2025-07-04T18:30:44Z,0,0,0
2025-07-04T18:30:45Z,0,0,0
2025-07-04T18:30:46Z,0,0,0
2025-07-04T18:30:47Z,0,0,0
2025-07-04T18:30:48Z,0,0,0
2025-07-04T18:30:49Z,0,0,0
2025-07-04T18:30:50Z,0,0,0
2025-07-04T18:30:51Z,0,0,0
2025-07-04T18:30:52Z,0,0,0
2025-07-04T18:30:53Z,0,0,0
2025-07-04T18:30:54Z,0,0,0
2025-07-04T18:30:55Z,0,0,0
2025-07-04T18:30:56Z,0,0,0
2025-07-04T18:30:57Z,0,0,0
2025-07-04T18:30:58Z,0,0,0
2025-07-04T18:30:59Z,0,0,0
2025-07-04T18:31:00Z,0,0,0
2025-07-04T18:31:01Z,0,0,0
2025-07-04T18:31:02Z,0,0,0
2025-07-04T18:31:03Z,0,0,0
2025-07-04T18:31:04Z,0,0,0
2025-07-04T18:31:05Z,0,0,0
2025-07-04T18:31:06Z,0,0,0
2025-07-04T18:31:07Z,0,0,0
2025-07-04T18:31:08Z,0,0,0
2025-07-04T18:31:09Z,0,0,0
2025-07-04T18:31:10Z,0,0,0
2025-07-04T18:31:11Z,0,0,0
2025-07-04T18:31:12Z,0,0,0
2025-07-04T18:31:13Z,0,0,0
2025-07-04T18:31:14Z,0,0,0
2025-07-04T18:31:15Z,0,0,0
2025-07-04T18:31:16Z,0,0,0
2025-07-04T18:31:17Z,0,0,0
2025-07-04T18:31:18Z,0,0,0
2025-07-04T18:31:19Z,0,0,0
2025-07-04T18:31:20Z,0,0,0
2025-07-04T18:31:21Z,0,0,0
2025-07-04T18:31:22Z,0,0,0
2025-07-04T18:31:23Z,0,0,0
2025-07-04T18:31:24Z,0,0,0
2025-07-04T18:31:25Z,0,0,0
2025-07-04T18:31:26Z,0,0,0
2025-07-04T18:31:27Z,0,0,0
2025-07-04T18:31:28Z,0,0,0
2025-07-04T18:31:29Z,0,0,0
2025-07-04T18:31:30Z,0,0,0
2025-07-04T18:31:31Z,0,0,0
2025-07-04T18:31:32Z,0,0,0
2025-07-04T18:31:33Z,0,0,0
2025-07-04T18:31:34Z,0,0,0
2025-07-04T18:31:35Z,0,0,0
2025-07-04T18:31:36Z,0,0,0
2025-07-04T18:31:37Z,0,0,0
2025-07-04T18:31:38Z,0,0,0
2025-07-04T18:31:39Z,0,0,0
2025-07-04T18:31:40Z,0,0,0
2025-07-04T18:31:41Z,0,0,0
2025-07-04T18:31:42Z,0,0,0
2025-07-04T18:31:43Z,0,0,0
2025-07-04T18:31:44Z,0,0,0
2025-07-04T18:31:45Z,0,0,0
2025-07-04T18:31:46Z,2,0,0
2025-07-04T18:31:47Z,2,0,0
2025-07-04T18:31:48Z,0,0,0
2025-07-04T18:31:49Z,0,0,0
2025-07-04T18:31:50Z,0,0,0
2025-07-04T18:31:51Z,0,0,0
2025-07-04T18:31:52Z,0,0,0
2025-07-04T18:31:53Z,0,0,0
2025-07-04T18:31:54Z,0,0,0
2025-07-04T18:31:55Z,0,0,0
2025-07-04T18:31:56Z,0,0,0
2025-07-04T18:31:57Z,0,0,0
2025-07-04T18:31:58Z,0,0,0
2025-07-04T18:31:59Z,0,0,0
2025-07-04T18:32:00Z,0,0,0
2025-07-04T18:32:01Z,0,0,0
2025-07-04T18:32:02Z,0,0,0
2025-07-04T18:32:03Z,0,0,0
2025-07-04T18:32:04Z,0,0,0
2025-07-04T18:32:05Z,0,0,0
2025-07-04T18:32:06Z,0,0,0
2025-07-04T18:32:07Z,0,0,0
2025-07-04T18:32:08Z,0,0,0
2025-07-04T18:32:09Z,0,0,0
2025-07-04T18:32:10Z,0,0,0
2025-07-04T18:32:11Z,0,0,0
2025-07-04T18:32:12Z,0,0,0
2025-07-04T18:32:13Z,0,0,0
2025-07-04T18:32:14Z,0,0,0
2025-07-04T18:32:15Z,0,0,0
2025-07-04T18:32:16Z,0,0,0
2025-07-04T18:32:17Z,0,0,0
2025-07-04T18:32:18Z,0,0,0
2025-07-04T18:32:19Z,0,0,0
2025-07-04T18:32:20Z,0,0,0
2025-07-04T18:32:21Z,0,0,0
2025-07-04T18:32:22Z,0,0,0
2025-07-04T18:32:23Z,0,0,0
2025-07-04T18:32:24Z,0,0,0
2025-07-04T18:32:25Z,0,0,0
2025-07-04T18:32:26Z,0,0,0
2025-07-04T18:32:27Z,0,0,0
2025-07-04T18:32:28Z,0,0,0
2025-07-04T18:32:29Z,0,0,0
2025-07-04T18:32:30Z,0,0,0
2025-07-04T18:32:31Z,0,0,0
2025-07-04T18:32:32Z,0,0,0
2025-07-04T18:32:33Z,0,0,0
2025-07-04T18:32:34Z,0,0,0
2025-07-04T18:32:35Z,0,0,0
2025-07-04T18:32:36Z,0,0,0
2025-07-04T18:32:37Z,0,0,0
2025-07-04T18:32:38Z,0,0,0
2025-07-04T18:32:39Z,0,0,0
2025-07-04T18:32:40Z,0,0,0
2025-07-04T18:32:41Z,0,0,0
2025-07-04T18:32:42Z,0,0,0
2025-07-04T18:32:43Z,0,0,0
2025-07-04T18:32:44Z,0,0,0
2025-07-04T18:32:45Z,0,0,0
2025-07-04T18:32:46Z,0,0,0
