start time,end time
2023-07-12T00:43:00Z,2023-07-12T01:08:00Z
2023-07-12T01:26:00Z,2023-07-12T02:15:00Z
2023-07-12T02:34:00Z,2023-07-12T02:51:00Z
2023-07-12T03:49:00Z,2023-07-12T04:13:00Z
2023-07-12T04:21:00Z,2023-07-12T04:33:00Z
2023-07-12T04:40:00Z,2023-07-12T05:21:00Z
2023-07-12T14:32:00Z,2023-07-12T14:52:00Z
2023-07-12T14:58:00Z,2023-07-12T15:12:00Z
2023-07-12T15:15:00Z,2023-07-12T15:25:00Z
2023-07-12T15:51:00Z,2023-07-12T16:19:00Z
2023-07-12T16:34:00Z,2023-07-12T17:22:00Z
2023-07-12T17:27:00Z,2023-07-12T18:57:00Z
2023-07-12T19:22:00Z,2023-07-12T19:45:00Z
2023-07-12T19:53:00Z,2023-07-12T20:18:00Z
2023-07-12T20:20:00Z,2023-07-12T21:12:00Z
2023-07-12T21:18:00Z,2023-07-12T21:28:00Z
