sleep_id,sleep_stage_id,sleep_stage_type,start_utc_offset,sleep_stage_start,end_utc_offset,sleep_stage_end,data_source,sleep_stage_created,sleep_stage_last_updated
1290633720992118224,1005304208251166888,LIGHT,-07:00,2025-07-04 08:25:30+0000,-07:00,2025-07-04 08:26:00+0000,DERIVED,2025-07-04 17:22:12+0000,2025-07-04 17:22:12+0000
1290633720992118224,1162122403011370000,AWAKE,-07:00,2025-07-04 09:14:00+0000,-07:00,2025-07-04 09:16:30+0000,DERIVED,2025-07-04 17:22:12+0000,2025-07-04 17:22:12+0000
1290633720992118224,1197320169531358960,DEEP,-07:00,2025-07-04 02:35:30+0000,-07:00,2025-07-04 03:19:30+0000,DERIVED,2025-07-04 17:22:12+0000,2025-07-04 17:22:12+0000
1290633720992118224,1207026320320452392,LIGHT,-07:00,2025-07-04 07:09:00+0000,-07:00,2025-07-04 07:09:30+0000,DERIVED,2025-07-04 17:22:12+0000,2025-07-04 17:22:12+0000
1290633720992118224,1266583222115016064,LIGHT,-07:00,2025-07-04 07:11:00+0000,-07:00,2025-07-04 07:14:00+0000,DERIVED,2025-07-04 17:22:12+0000,2025-07-04 17:22:12+0000
1290633720992118224,1417677969284410528,LIGHT,-07:00,2025-07-04 04:10:30+0000,-07:00,2025-07-04 04:11:00+0000,DERIVED,2025-07-04 17:22:12+0000,2025-07-04 17:22:12+0000
1290633720992118224,1471028857578082776,LIGHT,-07:00,2025-07-04 09:51:30+0000,-07:00,2025-07-04 10:04:30+0000,DERIVED,2025-07-04 17:22:12+0000,2025-07-04 17:22:12+0000
1290633720992118224,151257452866690856,AWAKE,-07:00,2025-07-04 09:10:30+0000,-07:00,2025-07-04 09:12:30+0000,DERIVED,2025-07-04 17:22:12+0000,2025-07-04 17:22:12+0000
1290633720992118224,1667351053367562200,LIGHT,-07:00,2025-07-04 07:15:00+0000,-07:00,2025-07-04 07:20:00+0000,DERIVED,2025-07-04 17:22:12+0000,2025-07-04 17:22:12+0000
1290633720992118224,171682852273829712,REM,-07:00,2025-07-04 05:21:00+0000,-07:00,2025-07-04 05:22:30+0000,DERIVED,2025-07-04 17:22:12+0000,2025-07-04 17:22:12+0000
1290633720992118224,178913770421192216,DEEP,-07:00,2025-07-04 02:33:30+0000,-07:00,2025-07-04 02:34:30+0000,DERIVED,2025-07-04 17:22:12+0000,2025-07-04 17:22:12+0000
1290633720992118224,1883904512165099072,AWAKE,-07:00,2025-07-04 09:30:30+0000,-07:00,2025-07-04 09:33:30+0000,DERIVED,2025-07-04 17:22:12+0000,2025-07-04 17:22:12+0000
1290633720992118224,1998169688083209216,AWAKE,-07:00,2025-07-04 09:08:00+0000,-07:00,2025-07-04 09:08:30+0000,DERIVED,2025-07-04 17:22:12+0000,2025-07-04 17:22:12+0000
1290633720992118224,2022407814014334976,AWAKE,-07:00,2025-07-04 02:06:00+0000,-07:00,2025-07-04 02:19:30+0000,DERIVED,2025-07-04 17:22:12+0000,2025-07-04 17:22:12+0000
1290633720992118224,2044400726374132656,REM,-07:00,2025-07-04 06:40:00+0000,-07:00,2025-07-04 06:40:30+0000,DERIVED,2025-07-04 17:22:12+0000,2025-07-04 17:22:12+0000
1290633720992118224,2050324270016191160,LIGHT,-07:00,2025-07-04 04:35:00+0000,-07:00,2025-07-04 04:36:30+0000,DERIVED,2025-07-04 17:22:12+0000,2025-07-04 17:22:12+0000
1290633720992118224,211984654032672504,AWAKE,-07:00,2025-07-04 06:29:30+0000,-07:00,2025-07-04 06:30:30+0000,DERIVED,2025-07-04 17:22:12+0000,2025-07-04 17:22:12+0000
1290633720992118224,215026162305063536,REM,-07:00,2025-07-04 07:10:30+0000,-07:00,2025-07-04 07:11:00+0000,DERIVED,2025-07-04 17:22:12+0000,2025-07-04 17:22:12+0000
1290633720992118224,2154608888797267808,LIGHT,-07:00,2025-07-04 04:45:30+0000,-07:00,2025-07-04 04:47:30+0000,DERIVED,2025-07-04 17:22:12+0000,2025-07-04 17:22:12+0000
1290633720992118224,2211275055096182472,AWAKE,-07:00,2025-07-04 07:14:00+0000,-07:00,2025-07-04 07:15:00+0000,DERIVED,2025-07-04 17:22:12+0000,2025-07-04 17:22:12+0000
1290633720992118224,2245397206474528552,DEEP,-07:00,2025-07-04 08:50:30+0000,-07:00,2025-07-04 09:04:30+0000,DERIVED,2025-07-04 17:22:12+0000,2025-07-04 17:22:12+0000
1290633720992118224,2404296293673979600,AWAKE,-07:00,2025-07-04 05:35:30+0000,-07:00,2025-07-04 05:36:30+0000,DERIVED,2025-07-04 17:22:12+0000,2025-07-04 17:22:12+0000
1290633720992118224,2474659539195474520,LIGHT,-07:00,2025-07-04 07:10:00+0000,-07:00,2025-07-04 07:10:30+0000,DERIVED,2025-07-04 17:22:12+0000,2025-07-04 17:22:12+0000
1290633720992118224,2515557133733585280,LIGHT,-07:00,2025-07-04 09:40:00+0000,-07:00,2025-07-04 09:41:30+0000,DERIVED,2025-07-04 17:22:12+0000,2025-07-04 17:22:12+0000
1290633720992118224,2619379579687089376,DEEP,-07:00,2025-07-04 04:20:30+0000,-07:00,2025-07-04 04:21:00+0000,DERIVED,2025-07-04 17:22:12+0000,2025-07-04 17:22:12+0000
1290633720992118224,2622709866750941472,LIGHT,-07:00,2025-07-04 06:15:00+0000,-07:00,2025-07-04 06:28:00+0000,DERIVED,2025-07-04 17:22:12+0000,2025-07-04 17:22:12+0000
1290633720992118224,2657555704595210952,LIGHT,-07:00,2025-07-04 09:48:30+0000,-07:00,2025-07-04 09:51:00+0000,DERIVED,2025-07-04 17:22:12+0000,2025-07-04 17:22:12+0000
1290633720992118224,2695073851188874864,DEEP,-07:00,2025-07-04 03:57:30+0000,-07:00,2025-07-04 03:58:00+0000,DERIVED,2025-07-04 17:22:12+0000,2025-07-04 17:22:12+0000
1290633720992118224,2854234487525264896,REM,-07:00,2025-07-04 05:18:30+0000,-07:00,2025-07-04 05:20:30+0000,DERIVED,2025-07-04 17:22:12+0000,2025-07-04 17:22:12+0000
1290633720992118224,3025761774195198896,LIGHT,-07:00,2025-07-04 06:50:00+0000,-07:00,2025-07-04 06:51:30+0000,DERIVED,2025-07-04 17:22:12+0000,2025-07-04 17:22:12+0000
1290633720992118224,3404551570680722856,REM,-07:00,2025-07-04 06:29:00+0000,-07:00,2025-07-04 06:29:30+0000,DERIVED,2025-07-04 17:22:12+0000,2025-07-04 17:22:12+0000
1290633720992118224,3471557486313314504,AWAKE,-07:00,2025-07-04 06:32:30+0000,-07:00,2025-07-04 06:33:00+0000,DERIVED,2025-07-04 17:22:12+0000,2025-07-04 17:22:12+0000
1290633720992118224,3479487974857030408,LIGHT,-07:00,2025-07-04 05:22:30+0000,-07:00,2025-07-04 05:35:30+0000,DERIVED,2025-07-04 17:22:12+0000,2025-07-04 17:22:12+0000
1290633720992118224,3682496601753016112,LIGHT,-07:00,2025-07-04 06:40:30+0000,-07:00,2025-07-04 06:43:30+0000,DERIVED,2025-07-04 17:22:12+0000,2025-07-04 17:22:12+0000
1290633720992118224,3711616053629247784,REM,-07:00,2025-07-04 08:28:30+0000,-07:00,2025-07-04 08:30:30+0000,DERIVED,2025-07-04 17:22:12+0000,2025-07-04 17:22:12+0000
1290633720992118224,3778532334921476920,DEEP,-07:00,2025-07-04 04:34:30+0000,-07:00,2025-07-04 04:35:00+0000,DERIVED,2025-07-04 17:22:12+0000,2025-07-04 17:22:12+0000
1290633720992118224,3792838420794926792,AWAKE,-07:00,2025-07-04 06:36:30+0000,-07:00,2025-07-04 06:38:00+0000,DERIVED,2025-07-04 17:22:12+0000,2025-07-04 17:22:12+0000
1290633720992118224,3864110615840645072,LIGHT,-07:00,2025-07-04 09:06:30+0000,-07:00,2025-07-04 09:08:00+0000,DERIVED,2025-07-04 17:22:12+0000,2025-07-04 17:22:12+0000
1290633720992118224,3895279300296469968,LIGHT,-07:00,2025-07-04 09:04:30+0000,-07:00,2025-07-04 09:06:00+0000,DERIVED,2025-07-04 17:22:12+0000,2025-07-04 17:22:12+0000
1290633720992118224,3899667433286730296,DEEP,-07:00,2025-07-04 06:05:00+0000,-07:00,2025-07-04 06:06:00+0000,DERIVED,2025-07-04 17:22:12+0000,2025-07-04 17:22:12+0000
1290633720992118224,3920049226906215880,LIGHT,-07:00,2025-07-04 06:45:00+0000,-07:00,2025-07-04 06:45:30+0000,DERIVED,2025-07-04 17:22:12+0000,2025-07-04 17:22:12+0000
1290633720992118224,3956611161182290000,REM,-07:00,2025-07-04 06:33:00+0000,-07:00,2025-07-04 06:36:30+0000,DERIVED,2025-07-04 17:22:12+0000,2025-07-04 17:22:12+0000
1290633720992118224,4238606536278062528,LIGHT,-07:00,2025-07-04 09:33:30+0000,-07:00,2025-07-04 09:36:30+0000,DERIVED,2025-07-04 17:22:12+0000,2025-07-04 17:22:12+0000
1290633720992118224,4385303751196030616,REM,-07:00,2025-07-04 07:07:30+0000,-07:00,2025-07-04 07:09:00+0000,DERIVED,2025-07-04 17:22:12+0000,2025-07-04 17:22:12+0000
1290633720992118224,4428805766422606456,LIGHT,-07:00,2025-07-04 06:06:00+0000,-07:00,2025-07-04 06:06:30+0000,DERIVED,2025-07-04 17:22:12+0000,2025-07-04 17:22:12+0000
1290633720992118224,4527625989839998056,LIGHT,-07:00,2025-07-04 04:12:00+0000,-07:00,2025-07-04 04:20:30+0000,DERIVED,2025-07-04 17:22:12+0000,2025-07-04 17:22:12+0000
1290633720992118224,4536671188997177144,REM,-07:00,2025-07-04 04:47:30+0000,-07:00,2025-07-04 05:18:00+0000,DERIVED,2025-07-04 17:22:12+0000,2025-07-04 17:22:12+0000
1290633720992118224,470339202507787720,AWAKE,-07:00,2025-07-04 09:38:00+0000,-07:00,2025-07-04 09:40:00+0000,DERIVED,2025-07-04 17:22:12+0000,2025-07-04 17:22:12+0000
1290633720992118224,4780478673113667432,REM,-07:00,2025-07-04 06:38:00+0000,-07:00,2025-07-04 06:39:30+0000,DERIVED,2025-07-04 17:22:12+0000,2025-07-04 17:22:12+0000
1290633720992118224,4788568856169679296,LIGHT,-07:00,2025-07-04 08:33:00+0000,-07:00,2025-07-04 08:50:30+0000,DERIVED,2025-07-04 17:22:12+0000,2025-07-04 17:22:12+0000
1290633720992118224,4788855439012426248,LIGHT,-07:00,2025-07-04 04:21:00+0000,-07:00,2025-07-04 04:34:30+0000,DERIVED,2025-07-04 17:22:12+0000,2025-07-04 17:22:12+0000
1290633720992118224,4899153491342437824,LIGHT,-07:00,2025-07-04 06:13:30+0000,-07:00,2025-07-04 06:14:30+0000,DERIVED,2025-07-04 17:22:12+0000,2025-07-04 17:22:12+0000
1290633720992118224,490283653268026440,LIGHT,-07:00,2025-07-04 08:28:00+0000,-07:00,2025-07-04 08:28:30+0000,DERIVED,2025-07-04 17:22:12+0000,2025-07-04 17:22:12+0000
1290633720992118224,5011252179661705480,LIGHT,-07:00,2025-07-04 03:32:30+0000,-07:00,2025-07-04 03:56:30+0000,DERIVED,2025-07-04 17:22:12+0000,2025-07-04 17:22:12+0000
1290633720992118224,5035214306698996216,REM,-07:00,2025-07-04 07:09:30+0000,-07:00,2025-07-04 07:10:00+0000,DERIVED,2025-07-04 17:22:12+0000,2025-07-04 17:22:12+0000
1290633720992118224,5042923685306048536,LIGHT,-07:00,2025-07-04 08:30:30+0000,-07:00,2025-07-04 08:32:30+0000,DERIVED,2025-07-04 17:22:12+0000,2025-07-04 17:22:12+0000
1290633720992118224,512170859672625248,AWAKE,-07:00,2025-07-04 04:11:00+0000,-07:00,2025-07-04 04:12:00+0000,DERIVED,2025-07-04 17:22:12+0000,2025-07-04 17:22:12+0000
1290633720992118224,5142183817616661256,LIGHT,-07:00,2025-07-04 09:16:30+0000,-07:00,2025-07-04 09:17:30+0000,DERIVED,2025-07-04 17:22:12+0000,2025-07-04 17:22:12+0000
1290633720992118224,5168601912455446000,LIGHT,-07:00,2025-07-04 06:39:30+0000,-07:00,2025-07-04 06:40:00+0000,DERIVED,2025-07-04 17:22:12+0000,2025-07-04 17:22:12+0000
1290633720992118224,5180902078239646104,LIGHT,-07:00,2025-07-04 03:58:00+0000,-07:00,2025-07-04 03:58:30+0000,DERIVED,2025-07-04 17:22:12+0000,2025-07-04 17:22:12+0000
1290633720992118224,5403677283940379296,AWAKE,-07:00,2025-07-04 09:41:30+0000,-07:00,2025-07-04 09:48:30+0000,DERIVED,2025-07-04 17:22:12+0000,2025-07-04 17:22:12+0000
1290633720992118224,5414656636719139712,DEEP,-07:00,2025-07-04 03:56:30+0000,-07:00,2025-07-04 03:57:00+0000,DERIVED,2025-07-04 17:22:12+0000,2025-07-04 17:22:12+0000
1290633720992118224,5440205894729197448,LIGHT,-07:00,2025-07-04 05:18:00+0000,-07:00,2025-07-04 05:18:30+0000,DERIVED,2025-07-04 17:22:12+0000,2025-07-04 17:22:12+0000
1290633720992118224,5904508529117108056,DEEP,-07:00,2025-07-04 04:36:30+0000,-07:00,2025-07-04 04:37:00+0000,DERIVED,2025-07-04 17:22:12+0000,2025-07-04 17:22:12+0000
1290633720992118224,5958806572128412368,REM,-07:00,2025-07-04 06:45:30+0000,-07:00,2025-07-04 06:50:00+0000,DERIVED,2025-07-04 17:22:12+0000,2025-07-04 17:22:12+0000
1290633720992118224,605533372865572968,DEEP,-07:00,2025-07-04 03:58:30+0000,-07:00,2025-07-04 04:10:30+0000,DERIVED,2025-07-04 17:22:12+0000,2025-07-04 17:22:12+0000
1290633720992118224,6072076238151514424,AWAKE,-07:00,2025-07-04 07:20:00+0000,-07:00,2025-07-04 07:21:00+0000,DERIVED,2025-07-04 17:22:12+0000,2025-07-04 17:22:12+0000
1290633720992118224,6136292449928394984,AWAKE,-07:00,2025-07-04 04:45:00+0000,-07:00,2025-07-04 04:45:30+0000,DERIVED,2025-07-04 17:22:12+0000,2025-07-04 17:22:12+0000
1290633720992118224,6154347329626172544,LIGHT,-07:00,2025-07-04 02:34:30+0000,-07:00,2025-07-04 02:35:30+0000,DERIVED,2025-07-04 17:22:12+0000,2025-07-04 17:22:12+0000
1290633720992118224,618704188717988560,AWAKE,-07:00,2025-07-04 06:14:30+0000,-07:00,2025-07-04 06:15:00+0000,DERIVED,2025-07-04 17:22:12+0000,2025-07-04 17:22:12+0000
1290633720992118224,6269886242213842328,LIGHT,-07:00,2025-07-04 02:19:30+0000,-07:00,2025-07-04 02:33:30+0000,DERIVED,2025-07-04 17:22:12+0000,2025-07-04 17:22:12+0000
1290633720992118224,6317561046830183848,REM,-07:00,2025-07-04 06:30:30+0000,-07:00,2025-07-04 06:32:30+0000,DERIVED,2025-07-04 17:22:12+0000,2025-07-04 17:22:12+0000
1290633720992118224,6355160473413975848,LIGHT,-07:00,2025-07-04 09:37:00+0000,-07:00,2025-07-04 09:38:00+0000,DERIVED,2025-07-04 17:22:12+0000,2025-07-04 17:22:12+0000
1290633720992118224,6474205298789458312,AWAKE,-07:00,2025-07-04 09:51:00+0000,-07:00,2025-07-04 09:51:30+0000,DERIVED,2025-07-04 17:22:12+0000,2025-07-04 17:22:12+0000
1290633720992118224,6652484033842927008,LIGHT,-07:00,2025-07-04 06:52:00+0000,-07:00,2025-07-04 07:07:30+0000,DERIVED,2025-07-04 17:22:12+0000,2025-07-04 17:22:12+0000
1290633720992118224,6667745724344672096,REM,-07:00,2025-07-04 08:26:00+0000,-07:00,2025-07-04 08:28:00+0000,DERIVED,2025-07-04 17:22:12+0000,2025-07-04 17:22:12+0000
1290633720992118224,6861552211117633328,LIGHT,-07:00,2025-07-04 09:18:30+0000,-07:00,2025-07-04 09:27:30+0000,DERIVED,2025-07-04 17:22:12+0000,2025-07-04 17:22:12+0000
1290633720992118224,6958512952284404704,AWAKE,-07:00,2025-07-04 06:51:30+0000,-07:00,2025-07-04 06:52:00+0000,DERIVED,2025-07-04 17:22:12+0000,2025-07-04 17:22:12+0000
1290633720992118224,7143498321623387584,LIGHT,-07:00,2025-07-04 09:08:30+0000,-07:00,2025-07-04 09:10:30+0000,DERIVED,2025-07-04 17:22:12+0000,2025-07-04 17:22:12+0000
1290633720992118224,7171021423896093536,LIGHT,-07:00,2025-07-04 04:37:00+0000,-07:00,2025-07-04 04:45:00+0000,DERIVED,2025-07-04 17:22:12+0000,2025-07-04 17:22:12+0000
1290633720992118224,7246168689720000560,LIGHT,-07:00,2025-07-04 09:28:00+0000,-07:00,2025-07-04 09:30:30+0000,DERIVED,2025-07-04 17:22:12+0000,2025-07-04 17:22:12+0000
1290633720992118224,7252228764723340504,LIGHT,-07:00,2025-07-04 05:20:30+0000,-07:00,2025-07-04 05:21:00+0000,DERIVED,2025-07-04 17:22:12+0000,2025-07-04 17:22:12+0000
1290633720992118224,7449430595550959080,AWAKE,-07:00,2025-07-04 09:27:30+0000,-07:00,2025-07-04 09:28:00+0000,DERIVED,2025-07-04 17:22:12+0000,2025-07-04 17:22:12+0000
1290633720992118224,7456237071744272944,LIGHT,-07:00,2025-07-04 07:21:00+0000,-07:00,2025-07-04 08:04:30+0000,DERIVED,2025-07-04 17:22:12+0000,2025-07-04 17:22:12+0000
1290633720992118224,7487349177141074592,AWAKE,-07:00,2025-07-04 09:06:00+0000,-07:00,2025-07-04 09:06:30+0000,DERIVED,2025-07-04 17:22:12+0000,2025-07-04 17:22:12+0000
1290633720992118224,7492253582387991872,REM,-07:00,2025-07-04 06:28:00+0000,-07:00,2025-07-04 06:28:30+0000,DERIVED,2025-07-04 17:22:12+0000,2025-07-04 17:22:12+0000
1290633720992118224,7569932001184777064,AWAKE,-07:00,2025-07-04 09:17:30+0000,-07:00,2025-07-04 09:18:30+0000,DERIVED,2025-07-04 17:22:12+0000,2025-07-04 17:22:12+0000
1290633720992118224,7686038033322849104,AWAKE,-07:00,2025-07-04 08:32:30+0000,-07:00,2025-07-04 08:33:00+0000,DERIVED,2025-07-04 17:22:12+0000,2025-07-04 17:22:12+0000
1290633720992118224,7766600145019908408,DEEP,-07:00,2025-07-04 05:59:00+0000,-07:00,2025-07-04 05:59:30+0000,DERIVED,2025-07-04 17:22:12+0000,2025-07-04 17:22:12+0000
1290633720992118224,7871599016916555432,REM,-07:00,2025-07-04 03:30:00+0000,-07:00,2025-07-04 03:32:30+0000,DERIVED,2025-07-04 17:22:12+0000,2025-07-04 17:22:12+0000
1290633720992118224,7945700885622319856,LIGHT,-07:00,2025-07-04 05:59:30+0000,-07:00,2025-07-04 06:05:00+0000,DERIVED,2025-07-04 17:22:12+0000,2025-07-04 17:22:12+0000
1290633720992118224,8052612098464591400,AWAKE,-07:00,2025-07-04 10:04:30+0000,-07:00,2025-07-04 10:07:00+0000,DERIVED,2025-07-04 17:22:12+0000,2025-07-04 17:22:12+0000
1290633720992118224,8065165783026951976,LIGHT,-07:00,2025-07-04 09:12:30+0000,-07:00,2025-07-04 09:14:00+0000,DERIVED,2025-07-04 17:22:12+0000,2025-07-04 17:22:12+0000
1290633720992118224,8075952438335267856,AWAKE,-07:00,2025-07-04 09:36:30+0000,-07:00,2025-07-04 09:37:00+0000,DERIVED,2025-07-04 17:22:12+0000,2025-07-04 17:22:12+0000
1290633720992118224,8082933464654558088,LIGHT,-07:00,2025-07-04 06:28:30+0000,-07:00,2025-07-04 06:29:00+0000,DERIVED,2025-07-04 17:22:12+0000,2025-07-04 17:22:12+0000
1290633720992118224,8430850945347802520,DEEP,-07:00,2025-07-04 06:06:30+0000,-07:00,2025-07-04 06:13:30+0000,DERIVED,2025-07-04 17:22:12+0000,2025-07-04 17:22:12+0000
1290633720992118224,8896898516297695976,REM,-07:00,2025-07-04 06:43:30+0000,-07:00,2025-07-04 06:45:00+0000,DERIVED,2025-07-04 17:22:12+0000,2025-07-04 17:22:12+0000
1290633720992118224,8997427080898673016,LIGHT,-07:00,2025-07-04 05:36:30+0000,-07:00,2025-07-04 05:59:00+0000,DERIVED,2025-07-04 17:22:12+0000,2025-07-04 17:22:12+0000
1290633720992118224,907602593980654928,REM,-07:00,2025-07-04 08:04:30+0000,-07:00,2025-07-04 08:25:30+0000,DERIVED,2025-07-04 17:22:12+0000,2025-07-04 17:22:12+0000
1290633720992118224,9194643917527163352,LIGHT,-07:00,2025-07-04 03:19:30+0000,-07:00,2025-07-04 03:30:00+0000,DERIVED,2025-07-04 17:22:12+0000,2025-07-04 17:22:12+0000
1290633720992118224,922179076126183536,LIGHT,-07:00,2025-07-04 03:57:00+0000,-07:00,2025-07-04 03:57:30+0000,DERIVED,2025-07-04 17:22:12+0000,2025-07-04 17:22:12+0000
2655971044430503160,1703833053259366872,REM,-07:00,2025-07-04 17:25:00+0000,-07:00,2025-07-04 17:28:00+0000,DERIVED,2025-07-05 01:31:28+0000,2025-07-05 01:31:28+0000
2655971044430503160,2664825197429300248,LIGHT,-07:00,2025-07-04 15:19:30+0000,-07:00,2025-07-04 15:20:00+0000,DERIVED,2025-07-05 01:31:28+0000,2025-07-05 01:31:28+0000
2655971044430503160,3192247029922117016,AWAKE,-07:00,2025-07-04 18:12:30+0000,-07:00,2025-07-04 18:13:00+0000,DERIVED,2025-07-05 01:31:28+0000,2025-07-05 01:31:28+0000
2655971044430503160,3324506339947339328,AWAKE,-07:00,2025-07-04 16:53:30+0000,-07:00,2025-07-04 16:54:00+0000,DERIVED,2025-07-05 01:31:28+0000,2025-07-05 01:31:28+0000
2655971044430503160,3780841533162916880,LIGHT,-07:00,2025-07-04 16:36:30+0000,-07:00,2025-07-04 16:37:00+0000,DERIVED,2025-07-05 01:31:28+0000,2025-07-05 01:31:28+0000
2655971044430503160,4211513716540526016,AWAKE,-07:00,2025-07-04 15:12:00+0000,-07:00,2025-07-04 15:12:30+0000,DERIVED,2025-07-05 01:31:28+0000,2025-07-05 01:31:28+0000
2655971044430503160,4956807566477356808,LIGHT,-07:00,2025-07-04 16:35:00+0000,-07:00,2025-07-04 16:35:30+0000,DERIVED,2025-07-05 01:31:28+0000,2025-07-05 01:31:28+0000
2655971044430503160,5235376871506371472,LIGHT,-07:00,2025-07-04 17:28:00+0000,-07:00,2025-07-04 18:12:30+0000,DERIVED,2025-07-05 01:31:28+0000,2025-07-05 01:31:28+0000
2655971044430503160,5293854834410769128,LIGHT,-07:00,2025-07-04 16:05:30+0000,-07:00,2025-07-04 16:24:30+0000,DERIVED,2025-07-05 01:31:28+0000,2025-07-05 01:31:28+0000
2655971044430503160,5928918470364047664,AWAKE,-07:00,2025-07-04 14:25:00+0000,-07:00,2025-07-04 15:11:30+0000,DERIVED,2025-07-05 01:31:28+0000,2025-07-05 01:31:28+0000
2655971044430503160,6313874440378853688,LIGHT,-07:00,2025-07-04 16:03:00+0000,-07:00,2025-07-04 16:05:00+0000,DERIVED,2025-07-05 01:31:28+0000,2025-07-05 01:31:28+0000
2655971044430503160,6642378518828073040,DEEP,-07:00,2025-07-04 16:37:00+0000,-07:00,2025-07-04 16:53:30+0000,DERIVED,2025-07-05 01:31:28+0000,2025-07-05 01:31:28+0000
2655971044430503160,6698535122839446432,AWAKE,-07:00,2025-07-04 16:05:00+0000,-07:00,2025-07-04 16:05:30+0000,DERIVED,2025-07-05 01:31:28+0000,2025-07-05 01:31:28+0000
2655971044430503160,7243660804922734184,LIGHT,-07:00,2025-07-04 15:12:30+0000,-07:00,2025-07-04 15:13:30+0000,DERIVED,2025-07-05 01:31:28+0000,2025-07-05 01:31:28+0000
2655971044430503160,7442333648190458032,DEEP,-07:00,2025-07-04 16:24:30+0000,-07:00,2025-07-04 16:35:00+0000,DERIVED,2025-07-05 01:31:28+0000,2025-07-05 01:31:28+0000
2655971044430503160,7697092352892697664,REM,-07:00,2025-07-04 17:04:00+0000,-07:00,2025-07-04 17:24:00+0000,DERIVED,2025-07-05 01:31:28+0000,2025-07-05 01:31:28+0000
2655971044430503160,8012667287092352168,AWAKE,-07:00,2025-07-04 15:20:00+0000,-07:00,2025-07-04 16:03:00+0000,DERIVED,2025-07-05 01:31:28+0000,2025-07-05 01:31:28+0000
2655971044430503160,8251090961547455344,LIGHT,-07:00,2025-07-04 16:54:00+0000,-07:00,2025-07-04 17:04:00+0000,DERIVED,2025-07-05 01:31:28+0000,2025-07-05 01:31:28+0000
2655971044430503160,8352869905771856120,AWAKE,-07:00,2025-07-04 15:13:30+0000,-07:00,2025-07-04 15:19:30+0000,DERIVED,2025-07-05 01:31:28+0000,2025-07-05 01:31:28+0000
2655971044430503160,888156700849861032,DEEP,-07:00,2025-07-04 16:35:30+0000,-07:00,2025-07-04 16:36:30+0000,DERIVED,2025-07-05 01:31:28+0000,2025-07-05 01:31:28+0000
2655971044430503160,8898568116714180928,LIGHT,-07:00,2025-07-04 17:24:00+0000,-07:00,2025-07-04 17:25:00+0000,DERIVED,2025-07-05 01:31:28+0000,2025-07-05 01:31:28+0000
2655971044430503160,896025997178920088,LIGHT,-07:00,2025-07-04 15:11:30+0000,-07:00,2025-07-04 15:12:00+0000,DERIVED,2025-07-05 01:31:28+0000,2025-07-05 01:31:28+0000
3063055848270768240,1489110209022503520,AWAKE,-07:00,2025-07-07 06:12:00+0000,-07:00,2025-07-07 06:12:30+0000,DERIVED,2025-07-07 14:43:08+0000,2025-07-07 14:43:08+0000
3063055848270768240,176599093062794624,LIGHT,-07:00,2025-07-07 03:01:30+0000,-07:00,2025-07-07 03:10:30+0000,DERIVED,2025-07-07 14:43:08+0000,2025-07-07 14:43:08+0000
3063055848270768240,2146204769309033392,DEEP,-07:00,2025-07-07 03:10:30+0000,-07:00,2025-07-07 03:26:00+0000,DERIVED,2025-07-07 14:43:08+0000,2025-07-07 14:43:08+0000
3063055848270768240,2153672793018808480,LIGHT,-07:00,2025-07-07 02:42:30+0000,-07:00,2025-07-07 03:00:00+0000,DERIVED,2025-07-07 14:43:08+0000,2025-07-07 14:43:08+0000
3063055848270768240,2750686928242474872,REM,-07:00,2025-07-07 04:08:00+0000,-07:00,2025-07-07 04:26:00+0000,DERIVED,2025-07-07 14:43:08+0000,2025-07-07 14:43:08+0000
3063055848270768240,2761365271460402392,LIGHT,-07:00,2025-07-07 06:50:30+0000,-07:00,2025-07-07 06:57:00+0000,DERIVED,2025-07-07 14:43:08+0000,2025-07-07 14:43:08+0000
3063055848270768240,2818861768204201312,LIGHT,-07:00,2025-07-07 03:57:00+0000,-07:00,2025-07-07 04:05:30+0000,DERIVED,2025-07-07 14:43:08+0000,2025-07-07 14:43:08+0000
3063055848270768240,3569478666049514216,LIGHT,-07:00,2025-07-07 01:51:00+0000,-07:00,2025-07-07 02:05:00+0000,DERIVED,2025-07-07 14:43:08+0000,2025-07-07 14:43:08+0000
3063055848270768240,358488452727387664,DEEP,-07:00,2025-07-07 03:00:00+0000,-07:00,2025-07-07 03:01:30+0000,DERIVED,2025-07-07 14:43:08+0000,2025-07-07 14:43:08+0000
3063055848270768240,3658537840727825216,LIGHT,-07:00,2025-07-07 06:07:30+0000,-07:00,2025-07-07 06:12:00+0000,DERIVED,2025-07-07 14:43:08+0000,2025-07-07 14:43:08+0000
3063055848270768240,4277185981021857808,LIGHT,-07:00,2025-07-07 02:27:30+0000,-07:00,2025-07-07 02:41:30+0000,DERIVED,2025-07-07 14:43:08+0000,2025-07-07 14:43:08+0000
3063055848270768240,4388887346768620488,LIGHT,-07:00,2025-07-07 06:26:00+0000,-07:00,2025-07-07 06:47:30+0000,DERIVED,2025-07-07 14:43:08+0000,2025-07-07 14:43:08+0000
3063055848270768240,4519261187217191472,LIGHT,-07:00,2025-07-07 05:20:30+0000,-07:00,2025-07-07 05:38:00+0000,DERIVED,2025-07-07 14:43:08+0000,2025-07-07 14:43:08+0000
3063055848270768240,4642213539103666272,AWAKE,-07:00,2025-07-07 06:47:30+0000,-07:00,2025-07-07 06:50:30+0000,DERIVED,2025-07-07 14:43:08+0000,2025-07-07 14:43:08+0000
3063055848270768240,4710058774880890576,AWAKE,-07:00,2025-07-07 05:16:30+0000,-07:00,2025-07-07 05:20:30+0000,DERIVED,2025-07-07 14:43:08+0000,2025-07-07 14:43:08+0000
3063055848270768240,4779307071156705768,LIGHT,-07:00,2025-07-07 04:32:30+0000,-07:00,2025-07-07 05:16:30+0000,DERIVED,2025-07-07 14:43:08+0000,2025-07-07 14:43:08+0000
3063055848270768240,5018531890211108848,AWAKE,-07:00,2025-07-07 01:50:00+0000,-07:00,2025-07-07 01:51:00+0000,DERIVED,2025-07-07 14:43:08+0000,2025-07-07 14:43:08+0000
3063055848270768240,51317767647170920,AWAKE,-07:00,2025-07-07 06:05:00+0000,-07:00,2025-07-07 06:07:30+0000,DERIVED,2025-07-07 14:43:08+0000,2025-07-07 14:43:08+0000
3063055848270768240,5260308926366548264,DEEP,-07:00,2025-07-07 02:41:30+0000,-07:00,2025-07-07 02:42:30+0000,DERIVED,2025-07-07 14:43:08+0000,2025-07-07 14:43:08+0000
3063055848270768240,5440202291383654608,AWAKE,-07:00,2025-07-07 05:38:00+0000,-07:00,2025-07-07 05:38:30+0000,DERIVED,2025-07-07 14:43:08+0000,2025-07-07 14:43:08+0000
3063055848270768240,5465709755673408792,AWAKE,-07:00,2025-07-07 04:26:00+0000,-07:00,2025-07-07 04:27:30+0000,DERIVED,2025-07-07 14:43:08+0000,2025-07-07 14:43:08+0000
3063055848270768240,5879460768835371928,AWAKE,-07:00,2025-07-07 06:25:30+0000,-07:00,2025-07-07 06:26:00+0000,DERIVED,2025-07-07 14:43:08+0000,2025-07-07 14:43:08+0000
3063055848270768240,5892317854838483232,AWAKE,-07:00,2025-07-07 03:56:30+0000,-07:00,2025-07-07 03:57:00+0000,DERIVED,2025-07-07 14:43:08+0000,2025-07-07 14:43:08+0000
3063055848270768240,5936092602301517896,REM,-07:00,2025-07-07 04:05:30+0000,-07:00,2025-07-07 04:07:00+0000,DERIVED,2025-07-07 14:43:08+0000,2025-07-07 14:43:08+0000
3063055848270768240,633769199643121520,LIGHT,-07:00,2025-07-07 05:38:30+0000,-07:00,2025-07-07 05:47:30+0000,DERIVED,2025-07-07 14:43:08+0000,2025-07-07 14:43:08+0000
3063055848270768240,6497088843341503304,REM,-07:00,2025-07-07 04:29:00+0000,-07:00,2025-07-07 04:32:30+0000,DERIVED,2025-07-07 14:43:08+0000,2025-07-07 14:43:08+0000
3063055848270768240,7344747693465053488,AWAKE,-07:00,2025-07-07 07:21:30+0000,-07:00,2025-07-07 07:22:00+0000,DERIVED,2025-07-07 14:43:08+0000,2025-07-07 14:43:08+0000
3063055848270768240,7427701020523647920,REM,-07:00,2025-07-07 06:57:00+0000,-07:00,2025-07-07 07:18:00+0000,DERIVED,2025-07-07 14:43:08+0000,2025-07-07 14:43:08+0000
3063055848270768240,743298814939150344,LIGHT,-07:00,2025-07-07 03:26:00+0000,-07:00,2025-07-07 03:56:30+0000,DERIVED,2025-07-07 14:43:08+0000,2025-07-07 14:43:08+0000
3063055848270768240,785787240794274808,LIGHT,-07:00,2025-07-07 07:18:00+0000,-07:00,2025-07-07 07:21:30+0000,DERIVED,2025-07-07 14:43:08+0000,2025-07-07 14:43:08+0000
3063055848270768240,7897734078396345056,REM,-07:00,2025-07-07 04:27:30+0000,-07:00,2025-07-07 04:28:00+0000,DERIVED,2025-07-07 14:43:08+0000,2025-07-07 14:43:08+0000
3063055848270768240,8163110879815746544,DEEP,-07:00,2025-07-07 01:23:30+0000,-07:00,2025-07-07 01:50:00+0000,DERIVED,2025-07-07 14:43:08+0000,2025-07-07 14:43:08+0000
3063055848270768240,8306352565395609952,REM,-07:00,2025-07-07 05:49:30+0000,-07:00,2025-07-07 06:05:00+0000,DERIVED,2025-07-07 14:43:08+0000,2025-07-07 14:43:08+0000
3063055848270768240,8308246628864470448,AWAKE,-07:00,2025-07-07 04:07:00+0000,-07:00,2025-07-07 04:08:00+0000,DERIVED,2025-07-07 14:43:08+0000,2025-07-07 14:43:08+0000
3063055848270768240,838102482471471040,AWAKE,-07:00,2025-07-07 00:55:30+0000,-07:00,2025-07-07 01:12:00+0000,DERIVED,2025-07-07 14:43:08+0000,2025-07-07 14:43:08+0000
3063055848270768240,8419090449244277760,AWAKE,-07:00,2025-07-07 06:23:00+0000,-07:00,2025-07-07 06:23:30+0000,DERIVED,2025-07-07 14:43:08+0000,2025-07-07 14:43:08+0000
3063055848270768240,852728102411997568,LIGHT,-07:00,2025-07-07 06:12:30+0000,-07:00,2025-07-07 06:23:00+0000,DERIVED,2025-07-07 14:43:08+0000,2025-07-07 14:43:08+0000
3063055848270768240,8561275875662534544,AWAKE,-07:00,2025-07-07 05:47:30+0000,-07:00,2025-07-07 05:48:00+0000,DERIVED,2025-07-07 14:43:08+0000,2025-07-07 14:43:08+0000
3063055848270768240,8606087876315306976,LIGHT,-07:00,2025-07-07 01:12:00+0000,-07:00,2025-07-07 01:23:30+0000,DERIVED,2025-07-07 14:43:08+0000,2025-07-07 14:43:08+0000
3063055848270768240,8739390838666158056,LIGHT,-07:00,2025-07-07 04:28:00+0000,-07:00,2025-07-07 04:29:00+0000,DERIVED,2025-07-07 14:43:08+0000,2025-07-07 14:43:08+0000
3063055848270768240,881971508456230480,REM,-07:00,2025-07-07 02:05:00+0000,-07:00,2025-07-07 02:27:30+0000,DERIVED,2025-07-07 14:43:08+0000,2025-07-07 14:43:08+0000
3063055848270768240,8894307624934830568,LIGHT,-07:00,2025-07-07 06:23:30+0000,-07:00,2025-07-07 06:25:30+0000,DERIVED,2025-07-07 14:43:08+0000,2025-07-07 14:43:08+0000
3063055848270768240,8940775805654160192,LIGHT,-07:00,2025-07-07 05:48:00+0000,-07:00,2025-07-07 05:49:30+0000,DERIVED,2025-07-07 14:43:08+0000,2025-07-07 14:43:08+0000
4932338778544292840,7022399124735912072,ASLEEP,-07:00,2025-07-06 15:34:30+0000,-07:00,2025-07-06 17:31:30+0000,DERIVED,2025-07-07 00:39:29+0000,2025-07-07 00:39:29+0000
5402102693947004384,1022637705674070416,LIGHT,-07:00,2025-07-06 06:18:30+0000,-07:00,2025-07-06 06:19:00+0000,DERIVED,2025-07-06 16:57:13+0000,2025-07-06 16:57:13+0000
5402102693947004384,1152654033999343296,LIGHT,-07:00,2025-07-06 05:40:30+0000,-07:00,2025-07-06 05:42:30+0000,DERIVED,2025-07-06 16:57:13+0000,2025-07-06 16:57:13+0000
5402102693947004384,1703883121343144280,LIGHT,-07:00,2025-07-06 05:26:00+0000,-07:00,2025-07-06 05:40:00+0000,DERIVED,2025-07-06 16:57:13+0000,2025-07-06 16:57:13+0000
5402102693947004384,1705141795157901296,LIGHT,-07:00,2025-07-06 06:29:00+0000,-07:00,2025-07-06 06:47:00+0000,DERIVED,2025-07-06 16:57:13+0000,2025-07-06 16:57:13+0000
5402102693947004384,1768761607026734040,REM,-07:00,2025-07-06 02:11:30+0000,-07:00,2025-07-06 02:28:30+0000,DERIVED,2025-07-06 16:57:13+0000,2025-07-06 16:57:13+0000
5402102693947004384,1866310556644553824,AWAKE,-07:00,2025-07-06 04:19:00+0000,-07:00,2025-07-06 04:19:30+0000,DERIVED,2025-07-06 16:57:13+0000,2025-07-06 16:57:13+0000
5402102693947004384,1933747009358582680,LIGHT,-07:00,2025-07-06 03:52:00+0000,-07:00,2025-07-06 03:53:30+0000,DERIVED,2025-07-06 16:57:13+0000,2025-07-06 16:57:13+0000
5402102693947004384,2161573057985103784,LIGHT,-07:00,2025-07-06 06:48:00+0000,-07:00,2025-07-06 06:54:00+0000,DERIVED,2025-07-06 16:57:13+0000,2025-07-06 16:57:13+0000
5402102693947004384,2261928191003552032,AWAKE,-07:00,2025-07-06 02:28:30+0000,-07:00,2025-07-06 02:29:00+0000,DERIVED,2025-07-06 16:57:13+0000,2025-07-06 16:57:13+0000
5402102693947004384,2352792432151624424,AWAKE,-07:00,2025-07-06 05:42:30+0000,-07:00,2025-07-06 05:43:00+0000,DERIVED,2025-07-06 16:57:13+0000,2025-07-06 16:57:13+0000
5402102693947004384,2367893171841480416,REM,-07:00,2025-07-06 06:16:30+0000,-07:00,2025-07-06 06:18:30+0000,DERIVED,2025-07-06 16:57:13+0000,2025-07-06 16:57:13+0000
5402102693947004384,2403446522578004512,REM,-07:00,2025-07-06 06:04:30+0000,-07:00,2025-07-06 06:09:00+0000,DERIVED,2025-07-06 16:57:13+0000,2025-07-06 16:57:13+0000
5402102693947004384,2439022988551961824,AWAKE,-07:00,2025-07-06 08:52:30+0000,-07:00,2025-07-06 08:55:00+0000,DERIVED,2025-07-06 16:57:13+0000,2025-07-06 16:57:13+0000
5402102693947004384,256741617750930416,LIGHT,-07:00,2025-07-06 02:04:00+0000,-07:00,2025-07-06 02:11:30+0000,DERIVED,2025-07-06 16:57:13+0000,2025-07-06 16:57:13+0000
5402102693947004384,2619887303039838472,LIGHT,-07:00,2025-07-06 07:24:30+0000,-07:00,2025-07-06 07:27:30+0000,DERIVED,2025-07-06 16:57:13+0000,2025-07-06 16:57:13+0000
5402102693947004384,2844749480695970624,LIGHT,-07:00,2025-07-06 06:10:00+0000,-07:00,2025-07-06 06:16:30+0000,DERIVED,2025-07-06 16:57:13+0000,2025-07-06 16:57:13+0000
5402102693947004384,290738339781767752,LIGHT,-07:00,2025-07-06 00:57:30+0000,-07:00,2025-07-06 00:58:00+0000,DERIVED,2025-07-06 16:57:13+0000,2025-07-06 16:57:13+0000
5402102693947004384,294273058107639968,LIGHT,-07:00,2025-07-06 01:02:00+0000,-07:00,2025-07-06 01:02:30+0000,DERIVED,2025-07-06 16:57:13+0000,2025-07-06 16:57:13+0000
5402102693947004384,3040976206090862312,REM,-07:00,2025-07-06 07:38:00+0000,-07:00,2025-07-06 07:52:30+0000,DERIVED,2025-07-06 16:57:13+0000,2025-07-06 16:57:13+0000
5402102693947004384,3081861158504377264,AWAKE,-07:00,2025-07-06 08:48:00+0000,-07:00,2025-07-06 08:50:30+0000,DERIVED,2025-07-06 16:57:13+0000,2025-07-06 16:57:13+0000
5402102693947004384,3176694625467999376,LIGHT,-07:00,2025-07-06 01:04:00+0000,-07:00,2025-07-06 01:15:30+0000,DERIVED,2025-07-06 16:57:13+0000,2025-07-06 16:57:13+0000
5402102693947004384,3291063749810224896,LIGHT,-07:00,2025-07-06 06:19:30+0000,-07:00,2025-07-06 06:20:00+0000,DERIVED,2025-07-06 16:57:13+0000,2025-07-06 16:57:13+0000
5402102693947004384,3356978482905051592,AWAKE,-07:00,2025-07-06 01:02:30+0000,-07:00,2025-07-06 01:04:00+0000,DERIVED,2025-07-06 16:57:13+0000,2025-07-06 16:57:13+0000
5402102693947004384,3439292769906542992,AWAKE,-07:00,2025-07-06 07:37:00+0000,-07:00,2025-07-06 07:38:00+0000,DERIVED,2025-07-06 16:57:13+0000,2025-07-06 16:57:13+0000
5402102693947004384,3642713046870074136,AWAKE,-07:00,2025-07-06 06:20:00+0000,-07:00,2025-07-06 06:21:00+0000,DERIVED,2025-07-06 16:57:13+0000,2025-07-06 16:57:13+0000
5402102693947004384,3761019404812704728,DEEP,-07:00,2025-07-06 05:40:00+0000,-07:00,2025-07-06 05:40:30+0000,DERIVED,2025-07-06 16:57:13+0000,2025-07-06 16:57:13+0000
5402102693947004384,3866816357686964264,AWAKE,-07:00,2025-07-06 04:41:00+0000,-07:00,2025-07-06 04:41:30+0000,DERIVED,2025-07-06 16:57:13+0000,2025-07-06 16:57:13+0000
5402102693947004384,423851587035191320,LIGHT,-07:00,2025-07-06 07:52:30+0000,-07:00,2025-07-06 08:16:00+0000,DERIVED,2025-07-06 16:57:13+0000,2025-07-06 16:57:13+0000
5402102693947004384,4277742950413713392,LIGHT,-07:00,2025-07-06 06:56:00+0000,-07:00,2025-07-06 06:56:30+0000,DERIVED,2025-07-06 16:57:13+0000,2025-07-06 16:57:13+0000
5402102693947004384,4340705128336940608,AWAKE,-07:00,2025-07-06 02:03:30+0000,-07:00,2025-07-06 02:04:00+0000,DERIVED,2025-07-06 16:57:13+0000,2025-07-06 16:57:13+0000
5402102693947004384,445490528305236848,AWAKE,-07:00,2025-07-06 05:23:00+0000,-07:00,2025-07-06 05:24:00+0000,DERIVED,2025-07-06 16:57:13+0000,2025-07-06 16:57:13+0000
5402102693947004384,4569015981657051736,DEEP,-07:00,2025-07-06 03:16:30+0000,-07:00,2025-07-06 03:39:30+0000,DERIVED,2025-07-06 16:57:13+0000,2025-07-06 16:57:13+0000
5402102693947004384,4575112745074847536,LIGHT,-07:00,2025-07-06 08:42:00+0000,-07:00,2025-07-06 08:48:00+0000,DERIVED,2025-07-06 16:57:13+0000,2025-07-06 16:57:13+0000
5402102693947004384,4813488942892202400,LIGHT,-07:00,2025-07-06 04:23:00+0000,-07:00,2025-07-06 04:41:00+0000,DERIVED,2025-07-06 16:57:13+0000,2025-07-06 16:57:13+0000
5402102693947004384,5007578478299514816,LIGHT,-07:00,2025-07-06 05:43:00+0000,-07:00,2025-07-06 05:48:30+0000,DERIVED,2025-07-06 16:57:13+0000,2025-07-06 16:57:13+0000
5402102693947004384,5121301275220480000,LIGHT,-07:00,2025-07-06 08:55:00+0000,-07:00,2025-07-06 08:56:30+0000,DERIVED,2025-07-06 16:57:13+0000,2025-07-06 16:57:13+0000
5402102693947004384,5310265247539779536,REM,-07:00,2025-07-06 04:19:30+0000,-07:00,2025-07-06 04:23:00+0000,DERIVED,2025-07-06 16:57:13+0000,2025-07-06 16:57:13+0000
5402102693947004384,5354035165149931664,LIGHT,-07:00,2025-07-06 03:39:30+0000,-07:00,2025-07-06 03:51:30+0000,DERIVED,2025-07-06 16:57:13+0000,2025-07-06 16:57:13+0000
5402102693947004384,5391164470266538480,REM,-07:00,2025-07-06 06:19:00+0000,-07:00,2025-07-06 06:19:30+0000,DERIVED,2025-07-06 16:57:13+0000,2025-07-06 16:57:13+0000
5402102693947004384,5599312657568826296,AWAKE,-07:00,2025-07-06 09:18:30+0000,-07:00,2025-07-06 09:19:30+0000,DERIVED,2025-07-06 16:57:13+0000,2025-07-06 16:57:13+0000
5402102693947004384,5656230038107583056,DEEP,-07:00,2025-07-06 06:54:00+0000,-07:00,2025-07-06 06:56:00+0000,DERIVED,2025-07-06 16:57:13+0000,2025-07-06 16:57:13+0000
5402102693947004384,5726987192971900992,DEEP,-07:00,2025-07-06 01:15:30+0000,-07:00,2025-07-06 02:03:30+0000,DERIVED,2025-07-06 16:57:13+0000,2025-07-06 16:57:13+0000
5402102693947004384,5803558506118212768,LIGHT,-07:00,2025-07-06 09:19:30+0000,-07:00,2025-07-06 09:31:30+0000,DERIVED,2025-07-06 16:57:13+0000,2025-07-06 16:57:13+0000
5402102693947004384,5809395560012251056,AWAKE,-07:00,2025-07-06 05:25:30+0000,-07:00,2025-07-06 05:26:00+0000,DERIVED,2025-07-06 16:57:13+0000,2025-07-06 16:57:13+0000
5402102693947004384,5935927848171083808,DEEP,-07:00,2025-07-06 06:56:30+0000,-07:00,2025-07-06 07:21:30+0000,DERIVED,2025-07-06 16:57:13+0000,2025-07-06 16:57:13+0000
5402102693947004384,6194880430350051600,DEEP,-07:00,2025-07-06 06:47:00+0000,-07:00,2025-07-06 06:48:00+0000,DERIVED,2025-07-06 16:57:13+0000,2025-07-06 16:57:13+0000
5402102693947004384,6268624129953153216,AWAKE,-07:00,2025-07-06 06:04:00+0000,-07:00,2025-07-06 06:04:30+0000,DERIVED,2025-07-06 16:57:13+0000,2025-07-06 16:57:13+0000
5402102693947004384,6342985828492897784,AWAKE,-07:00,2025-07-06 07:23:30+0000,-07:00,2025-07-06 07:24:30+0000,DERIVED,2025-07-06 16:57:13+0000,2025-07-06 16:57:13+0000
5402102693947004384,6403957205913728352,REM,-07:00,2025-07-06 08:56:30+0000,-07:00,2025-07-06 09:11:00+0000,DERIVED,2025-07-06 16:57:13+0000,2025-07-06 16:57:13+0000
5402102693947004384,6446569502039649792,LIGHT,-07:00,2025-07-06 09:12:30+0000,-07:00,2025-07-06 09:18:30+0000,DERIVED,2025-07-06 16:57:13+0000,2025-07-06 16:57:13+0000
5402102693947004384,6562106668824513328,LIGHT,-07:00,2025-07-06 07:28:00+0000,-07:00,2025-07-06 07:28:30+0000,DERIVED,2025-07-06 16:57:13+0000,2025-07-06 16:57:13+0000
5402102693947004384,6683822166213321728,REM,-07:00,2025-07-06 07:28:30+0000,-07:00,2025-07-06 07:37:00+0000,DERIVED,2025-07-06 16:57:13+0000,2025-07-06 16:57:13+0000
5402102693947004384,6851662189354555704,AWAKE,-07:00,2025-07-06 09:31:30+0000,-07:00,2025-07-06 09:33:00+0000,DERIVED,2025-07-06 16:57:13+0000,2025-07-06 16:57:13+0000
5402102693947004384,6875592616685077504,LIGHT,-07:00,2025-07-06 07:23:00+0000,-07:00,2025-07-06 07:23:30+0000,DERIVED,2025-07-06 16:57:13+0000,2025-07-06 16:57:13+0000
5402102693947004384,6945136739494447336,REM,-07:00,2025-07-06 03:53:30+0000,-07:00,2025-07-06 04:19:00+0000,DERIVED,2025-07-06 16:57:13+0000,2025-07-06 16:57:13+0000
5402102693947004384,6959323961708876240,AWAKE,-07:00,2025-07-06 08:16:00+0000,-07:00,2025-07-06 08:16:30+0000,DERIVED,2025-07-06 16:57:13+0000,2025-07-06 16:57:13+0000
5402102693947004384,7010502641260994904,REM,-07:00,2025-07-06 07:27:30+0000,-07:00,2025-07-06 07:28:00+0000,DERIVED,2025-07-06 16:57:13+0000,2025-07-06 16:57:13+0000
5402102693947004384,7074972390853718568,LIGHT,-07:00,2025-07-06 02:29:00+0000,-07:00,2025-07-06 02:40:30+0000,DERIVED,2025-07-06 16:57:13+0000,2025-07-06 16:57:13+0000
5402102693947004384,7152518886085941584,LIGHT,-07:00,2025-07-06 06:21:00+0000,-07:00,2025-07-06 06:27:30+0000,DERIVED,2025-07-06 16:57:13+0000,2025-07-06 16:57:13+0000
5402102693947004384,7186904137067067208,AWAKE,-07:00,2025-07-06 08:41:00+0000,-07:00,2025-07-06 08:42:00+0000,DERIVED,2025-07-06 16:57:13+0000,2025-07-06 16:57:13+0000
5402102693947004384,7203237959249598544,LIGHT,-07:00,2025-07-06 08:16:30+0000,-07:00,2025-07-06 08:41:00+0000,DERIVED,2025-07-06 16:57:13+0000,2025-07-06 16:57:13+0000
5402102693947004384,7397660873560787200,AWAKE,-07:00,2025-07-06 09:11:00+0000,-07:00,2025-07-06 09:12:30+0000,DERIVED,2025-07-06 16:57:13+0000,2025-07-06 16:57:13+0000
5402102693947004384,7716858315443792304,AWAKE,-07:00,2025-07-06 02:40:30+0000,-07:00,2025-07-06 02:41:00+0000,DERIVED,2025-07-06 16:57:13+0000,2025-07-06 16:57:13+0000
5402102693947004384,7953526773041426416,LIGHT,-07:00,2025-07-06 04:41:30+0000,-07:00,2025-07-06 05:23:00+0000,DERIVED,2025-07-06 16:57:13+0000,2025-07-06 16:57:13+0000
5402102693947004384,8093690378430074560,LIGHT,-07:00,2025-07-06 05:24:00+0000,-07:00,2025-07-06 05:25:30+0000,DERIVED,2025-07-06 16:57:13+0000,2025-07-06 16:57:13+0000
5402102693947004384,8132425146830406968,REM,-07:00,2025-07-06 05:48:30+0000,-07:00,2025-07-06 06:04:00+0000,DERIVED,2025-07-06 16:57:13+0000,2025-07-06 16:57:13+0000
5402102693947004384,8197660196355817864,LIGHT,-07:00,2025-07-06 02:41:00+0000,-07:00,2025-07-06 03:16:30+0000,DERIVED,2025-07-06 16:57:13+0000,2025-07-06 16:57:13+0000
5402102693947004384,8221205286965359336,LIGHT,-07:00,2025-07-06 08:50:30+0000,-07:00,2025-07-06 08:52:30+0000,DERIVED,2025-07-06 16:57:13+0000,2025-07-06 16:57:13+0000
5402102693947004384,8510627201507054528,AWAKE,-07:00,2025-07-06 07:21:30+0000,-07:00,2025-07-06 07:23:00+0000,DERIVED,2025-07-06 16:57:13+0000,2025-07-06 16:57:13+0000
5402102693947004384,8510868424385886128,AWAKE,-07:00,2025-07-06 00:58:00+0000,-07:00,2025-07-06 01:02:00+0000,DERIVED,2025-07-06 16:57:13+0000,2025-07-06 16:57:13+0000
5402102693947004384,8748699294441025992,AWAKE,-07:00,2025-07-06 00:50:00+0000,-07:00,2025-07-06 00:57:30+0000,DERIVED,2025-07-06 16:57:13+0000,2025-07-06 16:57:13+0000
5402102693947004384,8762236159957150568,AWAKE,-07:00,2025-07-06 06:27:30+0000,-07:00,2025-07-06 06:29:00+0000,DERIVED,2025-07-06 16:57:13+0000,2025-07-06 16:57:13+0000
5402102693947004384,8767524115433036680,AWAKE,-07:00,2025-07-06 03:51:30+0000,-07:00,2025-07-06 03:52:00+0000,DERIVED,2025-07-06 16:57:13+0000,2025-07-06 16:57:13+0000
5402102693947004384,9206166499635809120,AWAKE,-07:00,2025-07-06 06:09:00+0000,-07:00,2025-07-06 06:10:00+0000,DERIVED,2025-07-06 16:57:13+0000,2025-07-06 16:57:13+0000
7111313966720389408,3165553128738990808,AWAKE,-07:00,2025-07-05 13:06:00+0000,-07:00,2025-07-05 13:08:00+0000,DERIVED,2025-07-05 20:38:43+0000,2025-07-05 20:38:43+0000
7111313966720389408,5310518573504757896,ASLEEP,-07:00,2025-07-05 12:24:00+0000,-07:00,2025-07-05 13:06:00+0000,DERIVED,2025-07-05 20:38:43+0000,2025-07-05 20:38:43+0000
7111313966720389408,790161165063515056,ASLEEP,-07:00,2025-07-05 13:08:00+0000,-07:00,2025-07-05 13:35:30+0000,DERIVED,2025-07-05 20:38:43+0000,2025-07-05 20:38:43+0000
7229249256934673096,108203790907846264,REM,-07:00,2025-07-05 06:14:00+0000,-07:00,2025-07-05 06:30:30+0000,DERIVED,2025-07-05 16:36:13+0000,2025-07-05 16:36:13+0000
7229249256934673096,1100154578207155344,REM,-07:00,2025-07-05 06:09:00+0000,-07:00,2025-07-05 06:09:30+0000,DERIVED,2025-07-05 16:36:13+0000,2025-07-05 16:36:13+0000
7229249256934673096,1115129138940560088,LIGHT,-07:00,2025-07-05 08:04:00+0000,-07:00,2025-07-05 08:26:00+0000,DERIVED,2025-07-05 16:36:13+0000,2025-07-05 16:36:13+0000
7229249256934673096,1142423553974826216,AWAKE,-07:00,2025-07-05 07:51:30+0000,-07:00,2025-07-05 07:52:00+0000,DERIVED,2025-07-05 16:36:13+0000,2025-07-05 16:36:13+0000
7229249256934673096,1210005721557627776,REM,-07:00,2025-07-05 02:43:00+0000,-07:00,2025-07-05 02:49:30+0000,DERIVED,2025-07-05 16:36:13+0000,2025-07-05 16:36:13+0000
7229249256934673096,1254084199950090848,LIGHT,-07:00,2025-07-05 06:32:00+0000,-07:00,2025-07-05 06:33:30+0000,DERIVED,2025-07-05 16:36:13+0000,2025-07-05 16:36:13+0000
7229249256934673096,1472899661228364904,LIGHT,-07:00,2025-07-05 01:54:00+0000,-07:00,2025-07-05 02:32:30+0000,DERIVED,2025-07-05 16:36:13+0000,2025-07-05 16:36:13+0000
7229249256934673096,1493606548635764656,AWAKE,-07:00,2025-07-05 01:04:30+0000,-07:00,2025-07-05 01:05:00+0000,DERIVED,2025-07-05 16:36:13+0000,2025-07-05 16:36:13+0000
7229249256934673096,1676098435209945520,LIGHT,-07:00,2025-07-05 02:33:30+0000,-07:00,2025-07-05 02:42:00+0000,DERIVED,2025-07-05 16:36:13+0000,2025-07-05 16:36:13+0000
7229249256934673096,1693786788632466584,AWAKE,-07:00,2025-07-05 05:38:00+0000,-07:00,2025-07-05 05:38:30+0000,DERIVED,2025-07-05 16:36:13+0000,2025-07-05 16:36:13+0000
7229249256934673096,1718313282227522256,AWAKE,-07:00,2025-07-05 07:17:00+0000,-07:00,2025-07-05 07:18:00+0000,DERIVED,2025-07-05 16:36:13+0000,2025-07-05 16:36:13+0000
7229249256934673096,1734206032562932928,AWAKE,-07:00,2025-07-05 06:03:30+0000,-07:00,2025-07-05 06:04:30+0000,DERIVED,2025-07-05 16:36:13+0000,2025-07-05 16:36:13+0000
7229249256934673096,1774564330620732584,AWAKE,-07:00,2025-07-05 04:36:00+0000,-07:00,2025-07-05 04:37:00+0000,DERIVED,2025-07-05 16:36:13+0000,2025-07-05 16:36:13+0000
7229249256934673096,193359946516193208,REM,-07:00,2025-07-05 02:42:00+0000,-07:00,2025-07-05 02:42:30+0000,DERIVED,2025-07-05 16:36:13+0000,2025-07-05 16:36:13+0000
7229249256934673096,2017855111808296080,AWAKE,-07:00,2025-07-05 00:57:30+0000,-07:00,2025-07-05 00:58:00+0000,DERIVED,2025-07-05 16:36:13+0000,2025-07-05 16:36:13+0000
7229249256934673096,2131516994955364992,DEEP,-07:00,2025-07-05 04:05:30+0000,-07:00,2025-07-05 04:07:00+0000,DERIVED,2025-07-05 16:36:13+0000,2025-07-05 16:36:13+0000
7229249256934673096,2194468705854732424,AWAKE,-07:00,2025-07-05 03:16:00+0000,-07:00,2025-07-05 03:19:00+0000,DERIVED,2025-07-05 16:36:13+0000,2025-07-05 16:36:13+0000
7229249256934673096,2230022962421908520,LIGHT,-07:00,2025-07-05 00:57:00+0000,-07:00,2025-07-05 00:57:30+0000,DERIVED,2025-07-05 16:36:13+0000,2025-07-05 16:36:13+0000
7229249256934673096,2377056374746993632,LIGHT,-07:00,2025-07-05 02:57:00+0000,-07:00,2025-07-05 03:11:00+0000,DERIVED,2025-07-05 16:36:13+0000,2025-07-05 16:36:13+0000
7229249256934673096,246589626707469920,AWAKE,-07:00,2025-07-05 08:02:00+0000,-07:00,2025-07-05 08:04:00+0000,DERIVED,2025-07-05 16:36:13+0000,2025-07-05 16:36:13+0000
7229249256934673096,2638105216141312824,REM,-07:00,2025-07-05 02:52:30+0000,-07:00,2025-07-05 02:53:00+0000,DERIVED,2025-07-05 16:36:13+0000,2025-07-05 16:36:13+0000
7229249256934673096,2937989782758865792,AWAKE,-07:00,2025-07-05 02:56:00+0000,-07:00,2025-07-05 02:57:00+0000,DERIVED,2025-07-05 16:36:13+0000,2025-07-05 16:36:13+0000
7229249256934673096,2949052254556222160,LIGHT,-07:00,2025-07-05 01:15:00+0000,-07:00,2025-07-05 01:15:30+0000,DERIVED,2025-07-05 16:36:13+0000,2025-07-05 16:36:13+0000
7229249256934673096,2972178893703366264,AWAKE,-07:00,2025-07-05 08:26:00+0000,-07:00,2025-07-05 08:28:00+0000,DERIVED,2025-07-05 16:36:13+0000,2025-07-05 16:36:13+0000
7229249256934673096,3054154942281970152,LIGHT,-07:00,2025-07-05 03:19:00+0000,-07:00,2025-07-05 03:35:00+0000,DERIVED,2025-07-05 16:36:13+0000,2025-07-05 16:36:13+0000
7229249256934673096,318704624189825096,AWAKE,-07:00,2025-07-05 09:10:30+0000,-07:00,2025-07-05 09:13:00+0000,DERIVED,2025-07-05 16:36:13+0000,2025-07-05 16:36:13+0000
7229249256934673096,3248302737310714192,LIGHT,-07:00,2025-07-05 06:54:00+0000,-07:00,2025-07-05 06:56:00+0000,DERIVED,2025-07-05 16:36:13+0000,2025-07-05 16:36:13+0000
7229249256934673096,3337410477456114304,AWAKE,-07:00,2025-07-05 05:44:00+0000,-07:00,2025-07-05 05:44:30+0000,DERIVED,2025-07-05 16:36:13+0000,2025-07-05 16:36:13+0000
7229249256934673096,3388920864522847496,REM,-07:00,2025-07-05 04:37:00+0000,-07:00,2025-07-05 04:37:30+0000,DERIVED,2025-07-05 16:36:13+0000,2025-07-05 16:36:13+0000
7229249256934673096,3433919656185150880,LIGHT,-07:00,2025-07-05 07:51:00+0000,-07:00,2025-07-05 07:51:30+0000,DERIVED,2025-07-05 16:36:13+0000,2025-07-05 16:36:13+0000
7229249256934673096,3458273386171790536,LIGHT,-07:00,2025-07-05 06:04:30+0000,-07:00,2025-07-05 06:09:00+0000,DERIVED,2025-07-05 16:36:13+0000,2025-07-05 16:36:13+0000
7229249256934673096,3580263713155983248,DEEP,-07:00,2025-07-05 05:15:30+0000,-07:00,2025-07-05 05:22:30+0000,DERIVED,2025-07-05 16:36:13+0000,2025-07-05 16:36:13+0000
7229249256934673096,3697160128212039896,AWAKE,-07:00,2025-07-05 04:43:00+0000,-07:00,2025-07-05 04:44:30+0000,DERIVED,2025-07-05 16:36:13+0000,2025-07-05 16:36:13+0000
7229249256934673096,3743707048137191968,AWAKE,-07:00,2025-07-05 06:56:00+0000,-07:00,2025-07-05 06:57:30+0000,DERIVED,2025-07-05 16:36:13+0000,2025-07-05 16:36:13+0000
7229249256934673096,3781906619305885888,LIGHT,-07:00,2025-07-05 07:59:00+0000,-07:00,2025-07-05 07:59:30+0000,DERIVED,2025-07-05 16:36:13+0000,2025-07-05 16:36:13+0000
7229249256934673096,37880626054930688,LIGHT,-07:00,2025-07-05 09:04:00+0000,-07:00,2025-07-05 09:05:00+0000,DERIVED,2025-07-05 16:36:13+0000,2025-07-05 16:36:13+0000
7229249256934673096,3815354803127637744,REM,-07:00,2025-07-05 04:38:00+0000,-07:00,2025-07-05 04:38:30+0000,DERIVED,2025-07-05 16:36:13+0000,2025-07-05 16:36:13+0000
7229249256934673096,4055723796740362632,LIGHT,-07:00,2025-07-05 06:09:30+0000,-07:00,2025-07-05 06:10:00+0000,DERIVED,2025-07-05 16:36:13+0000,2025-07-05 16:36:13+0000
7229249256934673096,4063821450838083864,LIGHT,-07:00,2025-07-05 06:11:00+0000,-07:00,2025-07-05 06:12:00+0000,DERIVED,2025-07-05 16:36:13+0000,2025-07-05 16:36:13+0000
7229249256934673096,4195430541657644384,LIGHT,-07:00,2025-07-05 03:35:30+0000,-07:00,2025-07-05 04:05:30+0000,DERIVED,2025-07-05 16:36:13+0000,2025-07-05 16:36:13+0000
7229249256934673096,436076854549376608,AWAKE,-07:00,2025-07-05 06:49:00+0000,-07:00,2025-07-05 06:49:30+0000,DERIVED,2025-07-05 16:36:13+0000,2025-07-05 16:36:13+0000
7229249256934673096,437862227620418080,DEEP,-07:00,2025-07-05 05:23:00+0000,-07:00,2025-07-05 05:38:00+0000,DERIVED,2025-07-05 16:36:13+0000,2025-07-05 16:36:13+0000
7229249256934673096,4405180417753538048,AWAKE,-07:00,2025-07-05 06:53:00+0000,-07:00,2025-07-05 06:54:00+0000,DERIVED,2025-07-05 16:36:13+0000,2025-07-05 16:36:13+0000
7229249256934673096,4578718980736417032,LIGHT,-07:00,2025-07-05 08:28:00+0000,-07:00,2025-07-05 08:32:00+0000,DERIVED,2025-07-05 16:36:13+0000,2025-07-05 16:36:13+0000
7229249256934673096,461392445185396136,LIGHT,-07:00,2025-07-05 05:55:00+0000,-07:00,2025-07-05 05:57:00+0000,DERIVED,2025-07-05 16:36:13+0000,2025-07-05 16:36:13+0000
7229249256934673096,4696238928011826848,LIGHT,-07:00,2025-07-05 05:22:30+0000,-07:00,2025-07-05 05:23:00+0000,DERIVED,2025-07-05 16:36:13+0000,2025-07-05 16:36:13+0000
7229249256934673096,4936787496494113352,LIGHT,-07:00,2025-07-05 08:58:00+0000,-07:00,2025-07-05 09:02:30+0000,DERIVED,2025-07-05 16:36:13+0000,2025-07-05 16:36:13+0000
7229249256934673096,4984887049582206176,LIGHT,-07:00,2025-07-05 06:57:30+0000,-07:00,2025-07-05 07:17:00+0000,DERIVED,2025-07-05 16:36:13+0000,2025-07-05 16:36:13+0000
7229249256934673096,5107280708454723680,LIGHT,-07:00,2025-07-05 06:34:30+0000,-07:00,2025-07-05 06:49:00+0000,DERIVED,2025-07-05 16:36:13+0000,2025-07-05 16:36:13+0000
7229249256934673096,5165801009462576600,LIGHT,-07:00,2025-07-05 04:15:30+0000,-07:00,2025-07-05 04:24:00+0000,DERIVED,2025-07-05 16:36:13+0000,2025-07-05 16:36:13+0000
7229249256934673096,5253498442861986600,REM,-07:00,2025-07-05 05:50:00+0000,-07:00,2025-07-05 05:54:00+0000,DERIVED,2025-07-05 16:36:13+0000,2025-07-05 16:36:13+0000
7229249256934673096,5322709920125475344,LIGHT,-07:00,2025-07-05 07:18:00+0000,-07:00,2025-07-05 07:20:00+0000,DERIVED,2025-07-05 16:36:13+0000,2025-07-05 16:36:13+0000
7229249256934673096,5572425771239439176,LIGHT,-07:00,2025-07-05 05:40:30+0000,-07:00,2025-07-05 05:44:00+0000,DERIVED,2025-07-05 16:36:13+0000,2025-07-05 16:36:13+0000
7229249256934673096,5580469237444311104,LIGHT,-07:00,2025-07-05 01:05:00+0000,-07:00,2025-07-05 01:13:30+0000,DERIVED,2025-07-05 16:36:13+0000,2025-07-05 16:36:13+0000
7229249256934673096,5658893458952886784,LIGHT,-07:00,2025-07-05 08:01:30+0000,-07:00,2025-07-05 08:02:00+0000,DERIVED,2025-07-05 16:36:13+0000,2025-07-05 16:36:13+0000
7229249256934673096,6006808535755056000,LIGHT,-07:00,2025-07-05 04:44:30+0000,-07:00,2025-07-05 05:15:30+0000,DERIVED,2025-07-05 16:36:13+0000,2025-07-05 16:36:13+0000
7229249256934673096,6007663687680457272,LIGHT,-07:00,2025-07-05 05:58:30+0000,-07:00,2025-07-05 05:59:00+0000,DERIVED,2025-07-05 16:36:13+0000,2025-07-05 16:36:13+0000
7229249256934673096,6043620344476101776,AWAKE,-07:00,2025-07-05 06:31:00+0000,-07:00,2025-07-05 06:32:00+0000,DERIVED,2025-07-05 16:36:13+0000,2025-07-05 16:36:13+0000
7229249256934673096,6088431602617853304,AWAKE,-07:00,2025-07-05 08:32:00+0000,-07:00,2025-07-05 08:33:00+0000,DERIVED,2025-07-05 16:36:13+0000,2025-07-05 16:36:13+0000
7229249256934673096,6179285702439073024,LIGHT,-07:00,2025-07-05 06:30:30+0000,-07:00,2025-07-05 06:31:00+0000,DERIVED,2025-07-05 16:36:13+0000,2025-07-05 16:36:13+0000
7229249256934673096,6328135272299424824,LIGHT,-07:00,2025-07-05 06:49:30+0000,-07:00,2025-07-05 06:53:00+0000,DERIVED,2025-07-05 16:36:13+0000,2025-07-05 16:36:13+0000
7229249256934673096,6464019122746198752,AWAKE,-07:00,2025-07-05 09:02:30+0000,-07:00,2025-07-05 09:04:00+0000,DERIVED,2025-07-05 16:36:13+0000,2025-07-05 16:36:13+0000
7229249256934673096,6473420953845122832,LIGHT,-07:00,2025-07-05 01:02:00+0000,-07:00,2025-07-05 01:04:30+0000,DERIVED,2025-07-05 16:36:13+0000,2025-07-05 16:36:13+0000
7229249256934673096,6515508791637081312,LIGHT,-07:00,2025-07-05 07:52:00+0000,-07:00,2025-07-05 07:58:00+0000,DERIVED,2025-07-05 16:36:13+0000,2025-07-05 16:36:13+0000
7229249256934673096,6565847117810555776,AWAKE,-07:00,2025-07-05 06:10:00+0000,-07:00,2025-07-05 06:11:00+0000,DERIVED,2025-07-05 16:36:13+0000,2025-07-05 16:36:13+0000
7229249256934673096,6567903982512327384,DEEP,-07:00,2025-07-05 04:08:00+0000,-07:00,2025-07-05 04:12:30+0000,DERIVED,2025-07-05 16:36:13+0000,2025-07-05 16:36:13+0000
7229249256934673096,6617422257172188536,REM,-07:00,2025-07-05 05:59:00+0000,-07:00,2025-07-05 06:01:30+0000,DERIVED,2025-07-05 16:36:13+0000,2025-07-05 16:36:13+0000
7229249256934673096,6684476019732418792,LIGHT,-07:00,2025-07-05 06:13:30+0000,-07:00,2025-07-05 06:14:00+0000,DERIVED,2025-07-05 16:36:13+0000,2025-07-05 16:36:13+0000
7229249256934673096,6689793034351344032,DEEP,-07:00,2025-07-05 01:15:30+0000,-07:00,2025-07-05 01:54:00+0000,DERIVED,2025-07-05 16:36:13+0000,2025-07-05 16:36:13+0000
7229249256934673096,6797495477526101800,AWAKE,-07:00,2025-07-05 00:43:30+0000,-07:00,2025-07-05 00:57:00+0000,DERIVED,2025-07-05 16:36:13+0000,2025-07-05 16:36:13+0000
7229249256934673096,6842291525544396920,REM,-07:00,2025-07-05 06:12:00+0000,-07:00,2025-07-05 06:12:30+0000,DERIVED,2025-07-05 16:36:13+0000,2025-07-05 16:36:13+0000
7229249256934673096,693353178226689848,AWAKE,-07:00,2025-07-05 06:33:30+0000,-07:00,2025-07-05 06:34:30+0000,DERIVED,2025-07-05 16:36:13+0000,2025-07-05 16:36:13+0000
7229249256934673096,6962675510125088552,AWAKE,-07:00,2025-07-05 05:54:00+0000,-07:00,2025-07-05 05:55:00+0000,DERIVED,2025-07-05 16:36:13+0000,2025-07-05 16:36:13+0000
7229249256934673096,6970626066852791288,AWAKE,-07:00,2025-07-05 05:39:30+0000,-07:00,2025-07-05 05:40:30+0000,DERIVED,2025-07-05 16:36:13+0000,2025-07-05 16:36:13+0000
7229249256934673096,6999020090778206200,AWAKE,-07:00,2025-07-05 02:49:30+0000,-07:00,2025-07-05 02:51:30+0000,DERIVED,2025-07-05 16:36:13+0000,2025-07-05 16:36:13+0000
7229249256934673096,7144375489429225448,LIGHT,-07:00,2025-07-05 03:12:00+0000,-07:00,2025-07-05 03:13:30+0000,DERIVED,2025-07-05 16:36:13+0000,2025-07-05 16:36:13+0000
7229249256934673096,7174922064041897304,LIGHT,-07:00,2025-07-05 05:44:30+0000,-07:00,2025-07-05 05:50:00+0000,DERIVED,2025-07-05 16:36:13+0000,2025-07-05 16:36:13+0000
7229249256934673096,7238056340885206304,LIGHT,-07:00,2025-07-05 06:01:30+0000,-07:00,2025-07-05 06:02:30+0000,DERIVED,2025-07-05 16:36:13+0000,2025-07-05 16:36:13+0000
7229249256934673096,7262260080057807432,LIGHT,-07:00,2025-07-05 07:21:00+0000,-07:00,2025-07-05 07:23:30+0000,DERIVED,2025-07-05 16:36:13+0000,2025-07-05 16:36:13+0000
7229249256934673096,7402021127487639568,LIGHT,-07:00,2025-07-05 05:38:30+0000,-07:00,2025-07-05 05:39:30+0000,DERIVED,2025-07-05 16:36:13+0000,2025-07-05 16:36:13+0000
7229249256934673096,7412673992332005576,AWAKE,-07:00,2025-07-05 08:57:30+0000,-07:00,2025-07-05 08:58:00+0000,DERIVED,2025-07-05 16:36:13+0000,2025-07-05 16:36:13+0000
7229249256934673096,7451178038050137688,DEEP,-07:00,2025-07-05 03:11:00+0000,-07:00,2025-07-05 03:12:00+0000,DERIVED,2025-07-05 16:36:13+0000,2025-07-05 16:36:13+0000
7229249256934673096,7481592208044088288,REM,-07:00,2025-07-05 09:05:00+0000,-07:00,2025-07-05 09:08:00+0000,DERIVED,2025-07-05 16:36:13+0000,2025-07-05 16:36:13+0000
7229249256934673096,7494283312793476648,LIGHT,-07:00,2025-07-05 02:53:00+0000,-07:00,2025-07-05 02:56:00+0000,DERIVED,2025-07-05 16:36:13+0000,2025-07-05 16:36:13+0000
7229249256934673096,7600700163904709392,AWAKE,-07:00,2025-07-05 00:58:30+0000,-07:00,2025-07-05 01:02:00+0000,DERIVED,2025-07-05 16:36:13+0000,2025-07-05 16:36:13+0000
7229249256934673096,764379057691949976,REM,-07:00,2025-07-05 07:58:00+0000,-07:00,2025-07-05 07:59:00+0000,DERIVED,2025-07-05 16:36:13+0000,2025-07-05 16:36:13+0000
7229249256934673096,7657717006600573272,LIGHT,-07:00,2025-07-05 04:12:30+0000,-07:00,2025-07-05 04:15:00+0000,DERIVED,2025-07-05 16:36:13+0000,2025-07-05 16:36:13+0000
7229249256934673096,7714075052048031192,REM,-07:00,2025-07-05 06:13:00+0000,-07:00,2025-07-05 06:13:30+0000,DERIVED,2025-07-05 16:36:13+0000,2025-07-05 16:36:13+0000
7229249256934673096,7756875722319728328,AWAKE,-07:00,2025-07-05 07:20:00+0000,-07:00,2025-07-05 07:21:00+0000,DERIVED,2025-07-05 16:36:13+0000,2025-07-05 16:36:13+0000
7229249256934673096,7946580832840303592,LIGHT,-07:00,2025-07-05 04:38:30+0000,-07:00,2025-07-05 04:43:00+0000,DERIVED,2025-07-05 16:36:13+0000,2025-07-05 16:36:13+0000
7229249256934673096,8016407821592174808,REM,-07:00,2025-07-05 04:24:00+0000,-07:00,2025-07-05 04:36:00+0000,DERIVED,2025-07-05 16:36:13+0000,2025-07-05 16:36:13+0000
7229249256934673096,8155856803590065976,LIGHT,-07:00,2025-07-05 02:42:30+0000,-07:00,2025-07-05 02:43:00+0000,DERIVED,2025-07-05 16:36:13+0000,2025-07-05 16:36:13+0000
7229249256934673096,823044713517670192,REM,-07:00,2025-07-05 07:59:30+0000,-07:00,2025-07-05 08:01:30+0000,DERIVED,2025-07-05 16:36:13+0000,2025-07-05 16:36:13+0000
7229249256934673096,828133992748439960,DEEP,-07:00,2025-07-05 01:13:30+0000,-07:00,2025-07-05 01:15:00+0000,DERIVED,2025-07-05 16:36:13+0000,2025-07-05 16:36:13+0000
7229249256934673096,8434156651360918976,LIGHT,-07:00,2025-07-05 08:55:30+0000,-07:00,2025-07-05 08:57:30+0000,DERIVED,2025-07-05 16:36:13+0000,2025-07-05 16:36:13+0000
7229249256934673096,8434271983337333360,AWAKE,-07:00,2025-07-05 04:15:00+0000,-07:00,2025-07-05 04:15:30+0000,DERIVED,2025-07-05 16:36:13+0000,2025-07-05 16:36:13+0000
7229249256934673096,8494038682250883104,LIGHT,-07:00,2025-07-05 06:03:00+0000,-07:00,2025-07-05 06:03:30+0000,DERIVED,2025-07-05 16:36:13+0000,2025-07-05 16:36:13+0000
7229249256934673096,8511998931739277312,AWAKE,-07:00,2025-07-05 08:53:00+0000,-07:00,2025-07-05 08:55:30+0000,DERIVED,2025-07-05 16:36:13+0000,2025-07-05 16:36:13+0000
7229249256934673096,8562824724437605080,LIGHT,-07:00,2025-07-05 04:37:30+0000,-07:00,2025-07-05 04:38:00+0000,DERIVED,2025-07-05 16:36:13+0000,2025-07-05 16:36:13+0000
7229249256934673096,8567622061569191296,DEEP,-07:00,2025-07-05 03:13:30+0000,-07:00,2025-07-05 03:16:00+0000,DERIVED,2025-07-05 16:36:13+0000,2025-07-05 16:36:13+0000
7229249256934673096,8607402882703818824,LIGHT,-07:00,2025-07-05 08:33:00+0000,-07:00,2025-07-05 08:53:00+0000,DERIVED,2025-07-05 16:36:13+0000,2025-07-05 16:36:13+0000
7229249256934673096,8709391727889418968,LIGHT,-07:00,2025-07-05 06:12:30+0000,-07:00,2025-07-05 06:13:00+0000,DERIVED,2025-07-05 16:36:13+0000,2025-07-05 16:36:13+0000
7229249256934673096,8712402100127291880,AWAKE,-07:00,2025-07-05 03:35:00+0000,-07:00,2025-07-05 03:35:30+0000,DERIVED,2025-07-05 16:36:13+0000,2025-07-05 16:36:13+0000
7229249256934673096,8787602256093518152,LIGHT,-07:00,2025-07-05 00:58:00+0000,-07:00,2025-07-05 00:58:30+0000,DERIVED,2025-07-05 16:36:13+0000,2025-07-05 16:36:13+0000
7229249256934673096,8947138540922891448,REM,-07:00,2025-07-05 05:57:00+0000,-07:00,2025-07-05 05:58:30+0000,DERIVED,2025-07-05 16:36:13+0000,2025-07-05 16:36:13+0000
7229249256934673096,8967519337459266840,REM,-07:00,2025-07-05 06:02:30+0000,-07:00,2025-07-05 06:03:00+0000,DERIVED,2025-07-05 16:36:13+0000,2025-07-05 16:36:13+0000
7229249256934673096,9029888411001246912,REM,-07:00,2025-07-05 09:10:00+0000,-07:00,2025-07-05 09:10:30+0000,DERIVED,2025-07-05 16:36:13+0000,2025-07-05 16:36:13+0000
7229249256934673096,9105230016652608928,REM,-07:00,2025-07-05 07:23:30+0000,-07:00,2025-07-05 07:51:00+0000,DERIVED,2025-07-05 16:36:13+0000,2025-07-05 16:36:13+0000
7229249256934673096,920828513640939936,DEEP,-07:00,2025-07-05 02:32:30+0000,-07:00,2025-07-05 02:33:30+0000,DERIVED,2025-07-05 16:36:13+0000,2025-07-05 16:36:13+0000
7229249256934673096,935286371923671904,LIGHT,-07:00,2025-07-05 04:07:00+0000,-07:00,2025-07-05 04:08:00+0000,DERIVED,2025-07-05 16:36:13+0000,2025-07-05 16:36:13+0000
7229249256934673096,939462328725279544,LIGHT,-07:00,2025-07-05 02:51:30+0000,-07:00,2025-07-05 02:52:30+0000,DERIVED,2025-07-05 16:36:13+0000,2025-07-05 16:36:13+0000
7229249256934673096,939829422794703632,AWAKE,-07:00,2025-07-05 09:08:00+0000,-07:00,2025-07-05 09:10:00+0000,DERIVED,2025-07-05 16:36:13+0000,2025-07-05 16:36:13+0000
