recorded_time,temperature,sensor_type
2023-05-31T00:00,-1.0073903134628601,UNKNOWN
2023-05-31T00:01,-0.8073903134628608,UNKNOWN
2023-05-31T00:02,-0.7073903134628594,UNKNOWN
2023-05-31T00:03,-0.5073903134628601,UNKNOWN
2023-05-31T00:04,-0.40739031346286225,UNKNOWN
2023-05-31T00:05,-0.2073903134628594,UNKNOWN
2023-05-31T00:06,-0.10739031346285799,UNKNOWN
2023-05-31T00:07,-0.0073903134628636735,UNKNOWN
2023-05-31T00:08,0.09260968653713775,UNKNOWN
2023-05-31T00:09,0.09260968653713775,UNKNOWN
2023-05-31T00:10,0.19260968653713917,UNKNOWN
2023-05-31T00:11,0.19260968653713917,UNKNOWN
2023-05-31T00:12,0.2926096865371406,UNKNOWN
2023-05-31T00:13,0.392609686537142,UNKNOWN
2023-05-31T00:14,0.392609686537142,UNKNOWN
2023-05-31T00:15,0.4926096865371363,UNKNOWN
2023-05-31T00:16,0.4926096865371363,UNKNOWN
2023-05-31T00:17,0.4926096865371363,UNKNOWN
2023-05-31T00:18,0.4926096865371363,UNKNOWN
2023-05-31T00:19,0.5926096865371377,UNKNOWN
2023-05-31T00:20,0.5926096865371377,UNKNOWN
2023-05-31T00:21,0.5926096865371377,UNKNOWN
2023-05-31T00:22,0.5926096865371377,UNKNOWN
2023-05-31T00:23,0.5926096865371377,UNKNOWN
2023-05-31T00:24,0.6926096865371392,UNKNOWN
2023-05-31T00:25,0.6926096865371392,UNKNOWN
2023-05-31T00:26,0.6926096865371392,UNKNOWN
2023-05-31T00:27,0.6926096865371392,UNKNOWN
2023-05-31T00:28,0.6926096865371392,UNKNOWN
2023-05-31T00:29,0.6926096865371392,UNKNOWN
2023-05-31T00:30,0.6926096865371392,UNKNOWN
2023-05-31T00:31,0.6926096865371392,UNKNOWN
2023-05-31T00:32,0.6926096865371392,UNKNOWN
2023-05-31T00:33,0.6926096865371392,UNKNOWN
2023-05-31T00:34,0.6926096865371392,UNKNOWN
2023-05-31T00:35,0.6926096865371392,UNKNOWN
2023-05-31T00:36,0.6926096865371392,UNKNOWN
2023-05-31T00:37,0.6926096865371392,UNKNOWN
2023-05-31T00:38,0.6926096865371392,UNKNOWN
2023-05-31T00:39,0.6926096865371392,UNKNOWN
2023-05-31T00:40,0.6926096865371392,UNKNOWN
2023-05-31T00:41,0.6926096865371392,UNKNOWN
2023-05-31T00:42,0.6926096865371392,UNKNOWN
2023-05-31T00:43,0.6926096865371392,UNKNOWN
2023-05-31T00:44,0.6926096865371392,UNKNOWN
2023-05-31T00:45,0.6926096865371392,UNKNOWN
2023-05-31T00:46,0.6926096865371392,UNKNOWN
2023-05-31T00:47,0.6926096865371392,UNKNOWN
2023-05-31T00:48,0.6926096865371392,UNKNOWN
2023-05-31T00:49,0.6926096865371392,UNKNOWN
2023-05-31T00:50,0.6926096865371392,UNKNOWN
2023-05-31T00:51,0.6926096865371392,UNKNOWN
2023-05-31T00:52,0.6926096865371392,UNKNOWN
2023-05-31T00:53,0.6926096865371392,UNKNOWN
2023-05-31T00:54,0.6926096865371392,UNKNOWN
2023-05-31T00:55,0.6926096865371392,UNKNOWN
2023-05-31T00:56,0.6926096865371392,UNKNOWN
2023-05-31T00:57,0.6926096865371392,UNKNOWN
2023-05-31T00:58,0.6926096865371392,UNKNOWN
2023-05-31T00:59,0.6926096865371392,UNKNOWN
2023-05-31T01:00,0.6926096865371392,UNKNOWN
2023-05-31T01:01,0.6926096865371392,UNKNOWN
2023-05-31T01:02,0.5926096865371377,UNKNOWN
2023-05-31T01:03,0.5926096865371377,UNKNOWN
2023-05-31T01:04,0.5926096865371377,UNKNOWN
2023-05-31T01:05,0.4926096865371363,UNKNOWN
2023-05-31T01:06,0.4926096865371363,UNKNOWN
2023-05-31T01:07,0.5926096865371377,UNKNOWN
2023-05-31T01:08,0.6926096865371392,UNKNOWN
2023-05-31T01:09,0.6926096865371392,UNKNOWN
2023-05-31T01:10,0.7926096865371406,UNKNOWN
2023-05-31T01:11,0.9926096865371363,UNKNOWN
2023-05-31T01:12,0.9926096865371363,UNKNOWN
2023-05-31T01:13,1.0926096865371377,UNKNOWN
2023-05-31T01:14,1.1926096865371392,UNKNOWN
2023-05-31T01:15,1.2926096865371406,UNKNOWN
2023-05-31T01:16,1.2926096865371406,UNKNOWN
2023-05-31T01:17,1.2926096865371406,UNKNOWN
2023-05-31T01:18,1.392609686537142,UNKNOWN
2023-05-31T01:19,1.392609686537142,UNKNOWN
2023-05-31T01:20,1.4926096865371363,UNKNOWN
2023-05-31T01:21,1.4926096865371363,UNKNOWN
2023-05-31T01:22,1.4926096865371363,UNKNOWN
2023-05-31T01:23,1.5926096865371377,UNKNOWN
2023-05-31T01:24,1.5926096865371377,UNKNOWN
2023-05-31T01:25,1.5926096865371377,UNKNOWN
2023-05-31T01:26,1.5926096865371377,UNKNOWN
2023-05-31T01:27,1.6926096865371392,UNKNOWN
2023-05-31T01:28,1.6926096865371392,UNKNOWN
2023-05-31T01:29,1.6926096865371392,UNKNOWN
2023-05-31T01:30,1.6926096865371392,UNKNOWN
2023-05-31T01:31,1.7926096865371406,UNKNOWN
2023-05-31T01:32,1.7926096865371406,UNKNOWN
2023-05-31T01:33,1.7926096865371406,UNKNOWN
2023-05-31T01:34,1.7926096865371406,UNKNOWN
2023-05-31T01:35,1.7926096865371406,UNKNOWN
2023-05-31T01:36,1.7926096865371406,UNKNOWN
2023-05-31T01:37,1.7926096865371406,UNKNOWN
2023-05-31T01:38,1.7926096865371406,UNKNOWN
2023-05-31T01:39,1.892609686537142,UNKNOWN
2023-05-31T01:40,1.892609686537142,UNKNOWN
2023-05-31T01:41,1.892609686537142,UNKNOWN
2023-05-31T01:42,1.892609686537142,UNKNOWN
2023-05-31T01:43,1.892609686537142,UNKNOWN
2023-05-31T01:44,1.892609686537142,UNKNOWN
2023-05-31T01:45,1.892609686537142,UNKNOWN
2023-05-31T01:46,1.9926096865371363,UNKNOWN
2023-05-31T01:47,1.892609686537142,UNKNOWN
2023-05-31T01:48,1.9926096865371363,UNKNOWN
2023-05-31T01:49,1.9926096865371363,UNKNOWN
2023-05-31T01:50,1.9926096865371363,UNKNOWN
2023-05-31T01:51,1.9926096865371363,UNKNOWN
2023-05-31T01:52,1.9926096865371363,UNKNOWN
2023-05-31T01:53,1.9926096865371363,UNKNOWN
2023-05-31T01:54,1.9926096865371363,UNKNOWN
2023-05-31T01:55,1.9926096865371363,UNKNOWN
2023-05-31T01:56,1.9926096865371363,UNKNOWN
2023-05-31T01:57,1.9926096865371363,UNKNOWN
2023-05-31T01:58,1.9926096865371363,UNKNOWN
2023-05-31T01:59,1.9926096865371363,UNKNOWN
2023-05-31T02:00,1.9926096865371363,UNKNOWN
2023-05-31T02:01,1.9926096865371363,UNKNOWN
2023-05-31T02:02,1.9926096865371363,UNKNOWN
2023-05-31T02:03,1.9926096865371363,UNKNOWN
2023-05-31T02:04,1.9926096865371363,UNKNOWN
2023-05-31T02:05,1.9926096865371363,UNKNOWN
2023-05-31T02:06,1.9926096865371363,UNKNOWN
2023-05-31T02:07,1.9926096865371363,UNKNOWN
2023-05-31T02:08,1.9926096865371363,UNKNOWN
2023-05-31T02:09,1.9926096865371363,UNKNOWN
2023-05-31T02:10,1.9926096865371363,UNKNOWN
2023-05-31T02:11,2.0926096865371377,UNKNOWN
2023-05-31T02:12,1.9926096865371363,UNKNOWN
2023-05-31T02:13,1.9926096865371363,UNKNOWN
2023-05-31T02:14,1.892609686537142,UNKNOWN
2023-05-31T02:15,1.7926096865371406,UNKNOWN
2023-05-31T02:16,1.5926096865371377,UNKNOWN
2023-05-31T02:17,1.4926096865371363,UNKNOWN
2023-05-31T02:18,1.392609686537142,UNKNOWN
2023-05-31T02:19,1.2926096865371406,UNKNOWN
2023-05-31T02:20,1.2926096865371406,UNKNOWN
2023-05-31T02:21,1.1926096865371392,UNKNOWN
2023-05-31T02:22,1.1926096865371392,UNKNOWN
2023-05-31T02:23,1.0926096865371377,UNKNOWN
2023-05-31T02:24,1.0926096865371377,UNKNOWN
2023-05-31T02:25,0.9926096865371363,UNKNOWN
2023-05-31T02:26,0.9926096865371363,UNKNOWN
2023-05-31T02:27,0.9926096865371363,UNKNOWN
2023-05-31T02:28,0.9926096865371363,UNKNOWN
2023-05-31T02:29,0.9926096865371363,UNKNOWN
2023-05-31T02:30,0.7926096865371406,UNKNOWN
2023-05-31T02:31,0.6926096865371392,UNKNOWN
2023-05-31T02:32,0.5926096865371377,UNKNOWN
2023-05-31T02:33,0.4926096865371363,UNKNOWN
2023-05-31T02:34,0.4926096865371363,UNKNOWN
2023-05-31T02:35,0.392609686537142,UNKNOWN
2023-05-31T02:36,0.2926096865371406,UNKNOWN
2023-05-31T02:37,0.2926096865371406,UNKNOWN
2023-05-31T02:38,0.19260968653713917,UNKNOWN
2023-05-31T02:39,0.19260968653713917,UNKNOWN
2023-05-31T02:40,0.19260968653713917,UNKNOWN
2023-05-31T02:41,0.19260968653713917,UNKNOWN
2023-05-31T02:42,0.09260968653713775,UNKNOWN
2023-05-31T02:43,0.09260968653713775,UNKNOWN
2023-05-31T02:44,0.09260968653713775,UNKNOWN
2023-05-31T02:45,0.09260968653713775,UNKNOWN
2023-05-31T02:46,-0.0073903134628636735,UNKNOWN
2023-05-31T02:47,-0.0073903134628636735,UNKNOWN
2023-05-31T02:48,-0.0073903134628636735,UNKNOWN
2023-05-31T02:49,-0.0073903134628636735,UNKNOWN
2023-05-31T02:50,-0.0073903134628636735,UNKNOWN
2023-05-31T02:51,-0.0073903134628636735,UNKNOWN
2023-05-31T02:52,-0.0073903134628636735,UNKNOWN
2023-05-31T02:53,-0.0073903134628636735,UNKNOWN
2023-05-31T02:54,-0.0073903134628636735,UNKNOWN
2023-05-31T02:55,-0.0073903134628636735,UNKNOWN
2023-05-31T02:56,-0.0073903134628636735,UNKNOWN
2023-05-31T02:57,-0.0073903134628636735,UNKNOWN
2023-05-31T02:58,-0.0073903134628636735,UNKNOWN
2023-05-31T02:59,-0.0073903134628636735,UNKNOWN
2023-05-31T03:00,-0.0073903134628636735,UNKNOWN
2023-05-31T03:01,0.09260968653713775,UNKNOWN
2023-05-31T03:02,0.19260968653713917,UNKNOWN
2023-05-31T03:03,0.19260968653713917,UNKNOWN
2023-05-31T03:04,0.392609686537142,UNKNOWN
2023-05-31T03:05,0.4926096865371363,UNKNOWN
2023-05-31T03:06,0.5926096865371377,UNKNOWN
2023-05-31T03:07,0.6926096865371392,UNKNOWN
2023-05-31T03:08,0.6926096865371392,UNKNOWN
2023-05-31T03:09,0.7926096865371406,UNKNOWN
2023-05-31T03:10,0.892609686537142,UNKNOWN
2023-05-31T03:11,0.892609686537142,UNKNOWN
2023-05-31T03:12,0.9926096865371363,UNKNOWN
2023-05-31T03:13,0.9926096865371363,UNKNOWN
2023-05-31T03:14,0.9926096865371363,UNKNOWN
2023-05-31T03:15,1.0926096865371377,UNKNOWN
2023-05-31T03:16,1.0926096865371377,UNKNOWN
2023-05-31T03:17,1.0926096865371377,UNKNOWN
2023-05-31T03:18,0.9926096865371363,UNKNOWN
2023-05-31T03:19,0.892609686537142,UNKNOWN
2023-05-31T03:20,0.7926096865371406,UNKNOWN
2023-05-31T03:21,0.6926096865371392,UNKNOWN
2023-05-31T03:22,0.6926096865371392,UNKNOWN
2023-05-31T03:23,0.5926096865371377,UNKNOWN
2023-05-31T03:24,0.4926096865371363,UNKNOWN
2023-05-31T03:25,0.4926096865371363,UNKNOWN
2023-05-31T03:26,0.392609686537142,UNKNOWN
2023-05-31T03:27,0.392609686537142,UNKNOWN
2023-05-31T03:28,0.2926096865371406,UNKNOWN
2023-05-31T03:29,0.2926096865371406,UNKNOWN
2023-05-31T03:30,0.2926096865371406,UNKNOWN
2023-05-31T03:31,0.2926096865371406,UNKNOWN
2023-05-31T03:32,0.2926096865371406,UNKNOWN
2023-05-31T03:33,0.2926096865371406,UNKNOWN
2023-05-31T03:34,0.19260968653713917,UNKNOWN
2023-05-31T03:35,0.19260968653713917,UNKNOWN
2023-05-31T03:36,0.19260968653713917,UNKNOWN
2023-05-31T03:37,0.19260968653713917,UNKNOWN
2023-05-31T03:38,0.19260968653713917,UNKNOWN
2023-05-31T03:39,0.19260968653713917,UNKNOWN
2023-05-31T03:40,0.19260968653713917,UNKNOWN
2023-05-31T03:41,0.19260968653713917,UNKNOWN
2023-05-31T03:42,0.19260968653713917,UNKNOWN
2023-05-31T03:43,0.19260968653713917,UNKNOWN
2023-05-31T03:44,0.19260968653713917,UNKNOWN
2023-05-31T03:45,0.19260968653713917,UNKNOWN
2023-05-31T03:46,0.19260968653713917,UNKNOWN
2023-05-31T03:47,0.19260968653713917,UNKNOWN
2023-05-31T03:48,0.19260968653713917,UNKNOWN
2023-05-31T03:49,0.19260968653713917,UNKNOWN
2023-05-31T03:50,0.19260968653713917,UNKNOWN
2023-05-31T03:51,0.19260968653713917,UNKNOWN
2023-05-31T03:52,0.19260968653713917,UNKNOWN
2023-05-31T03:53,0.19260968653713917,UNKNOWN
2023-05-31T03:54,0.2926096865371406,UNKNOWN
2023-05-31T03:55,0.2926096865371406,UNKNOWN
2023-05-31T03:56,0.2926096865371406,UNKNOWN
2023-05-31T03:57,0.2926096865371406,UNKNOWN
2023-05-31T03:58,0.392609686537142,UNKNOWN
2023-05-31T03:59,0.392609686537142,UNKNOWN
2023-05-31T04:00,0.392609686537142,UNKNOWN
2023-05-31T04:01,0.392609686537142,UNKNOWN
2023-05-31T04:02,0.2926096865371406,UNKNOWN
2023-05-31T04:03,0.392609686537142,UNKNOWN
2023-05-31T04:04,0.4926096865371363,UNKNOWN
2023-05-31T04:05,0.4926096865371363,UNKNOWN
2023-05-31T04:06,0.4926096865371363,UNKNOWN
2023-05-31T04:07,0.5926096865371377,UNKNOWN
2023-05-31T04:08,0.5926096865371377,UNKNOWN
2023-05-31T04:09,0.6926096865371392,UNKNOWN
2023-05-31T04:10,0.6926096865371392,UNKNOWN
2023-05-31T04:11,0.6926096865371392,UNKNOWN
2023-05-31T04:12,0.6926096865371392,UNKNOWN
2023-05-31T04:13,0.6926096865371392,UNKNOWN
2023-05-31T04:14,0.7926096865371406,UNKNOWN
2023-05-31T04:15,0.7926096865371406,UNKNOWN
2023-05-31T04:16,0.7926096865371406,UNKNOWN
2023-05-31T04:17,0.7926096865371406,UNKNOWN
2023-05-31T04:18,0.892609686537142,UNKNOWN
2023-05-31T04:19,0.892609686537142,UNKNOWN
2023-05-31T04:20,0.892609686537142,UNKNOWN
2023-05-31T04:21,0.892609686537142,UNKNOWN
2023-05-31T04:22,0.892609686537142,UNKNOWN
2023-05-31T04:23,0.892609686537142,UNKNOWN
2023-05-31T04:24,0.892609686537142,UNKNOWN
2023-05-31T04:25,0.892609686537142,UNKNOWN
2023-05-31T04:26,0.892609686537142,UNKNOWN
2023-05-31T04:27,0.892609686537142,UNKNOWN
2023-05-31T04:28,0.9926096865371363,UNKNOWN
2023-05-31T04:29,0.9926096865371363,UNKNOWN
2023-05-31T04:30,0.892609686537142,UNKNOWN
2023-05-31T04:31,0.6926096865371392,UNKNOWN
2023-05-31T04:32,0.4926096865371363,UNKNOWN
2023-05-31T04:33,0.19260968653713917,UNKNOWN
2023-05-31T04:34,-0.0073903134628636735,UNKNOWN
2023-05-31T04:35,-0.10739031346285799,UNKNOWN
2023-05-31T04:36,-0.30739031346286083,UNKNOWN
2023-05-31T04:37,-0.40739031346286225,UNKNOWN
2023-05-31T04:38,-0.5073903134628601,UNKNOWN
2023-05-31T04:39,-0.6073903134628615,UNKNOWN
2023-05-31T04:40,-0.7073903134628594,UNKNOWN
2023-05-31T04:41,-0.8073903134628608,UNKNOWN
2023-05-31T04:42,-0.8073903134628608,UNKNOWN
2023-05-31T04:43,-0.9073903134628623,UNKNOWN
2023-05-31T04:44,-0.9073903134628623,UNKNOWN
2023-05-31T04:45,-1.1073903134628615,UNKNOWN
2023-05-31T04:46,-1.2073903134628594,UNKNOWN
2023-05-31T04:47,-1.3073903134628608,UNKNOWN
2023-05-31T04:48,-1.3073903134628608,UNKNOWN
2023-05-31T04:49,-1.3073903134628608,UNKNOWN
2023-05-31T04:50,-1.4073903134628623,UNKNOWN
2023-05-31T04:51,-1.4073903134628623,UNKNOWN
2023-05-31T04:52,-1.4073903134628623,UNKNOWN
2023-05-31T04:53,-1.4073903134628623,UNKNOWN
2023-05-31T04:54,-1.4073903134628623,UNKNOWN
2023-05-31T04:55,-1.4073903134628623,UNKNOWN
2023-05-31T04:56,-1.5073903134628601,UNKNOWN
2023-05-31T04:57,-1.6073903134628615,UNKNOWN
2023-05-31T04:58,-1.6073903134628615,UNKNOWN
2023-05-31T04:59,-1.6073903134628615,UNKNOWN
2023-05-31T05:00,-1.6073903134628615,UNKNOWN
2023-05-31T05:01,-1.7073903134628594,UNKNOWN
2023-05-31T05:02,-1.7073903134628594,UNKNOWN
2023-05-31T05:03,-1.8073903134628608,UNKNOWN
2023-05-31T05:04,-1.8073903134628608,UNKNOWN
2023-05-31T05:05,-1.8073903134628608,UNKNOWN
2023-05-31T05:06,-1.8073903134628608,UNKNOWN
2023-05-31T05:07,-1.8073903134628608,UNKNOWN
2023-05-31T05:08,-1.8073903134628608,UNKNOWN
2023-05-31T05:09,-1.9073903134628623,UNKNOWN
2023-05-31T05:10,-1.9073903134628623,UNKNOWN
2023-05-31T05:11,-2.1073903134628615,UNKNOWN
2023-05-31T05:12,-2.1073903134628615,UNKNOWN
2023-05-31T05:13,-2.2073903134628594,UNKNOWN
2023-05-31T05:14,-2.2073903134628594,UNKNOWN
2023-05-31T05:15,-2.2073903134628594,UNKNOWN
2023-05-31T05:16,-2.2073903134628594,UNKNOWN
2023-05-31T05:17,-2.2073903134628594,UNKNOWN
2023-05-31T05:18,-2.2073903134628594,UNKNOWN
2023-05-31T05:19,-2.2073903134628594,UNKNOWN
2023-05-31T05:20,-2.307390313462861,UNKNOWN
2023-05-31T05:21,-2.307390313462861,UNKNOWN
2023-05-31T05:22,-2.307390313462861,UNKNOWN
2023-05-31T05:23,-2.307390313462861,UNKNOWN
2023-05-31T05:24,-2.307390313462861,UNKNOWN
2023-05-31T05:25,-2.2073903134628594,UNKNOWN
2023-05-31T05:26,-2.1073903134628615,UNKNOWN
2023-05-31T05:27,-1.9073903134628623,UNKNOWN
2023-05-31T05:28,-1.8073903134628608,UNKNOWN
2023-05-31T05:29,-1.6073903134628615,UNKNOWN
2023-05-31T05:30,-1.6073903134628615,UNKNOWN
2023-05-31T05:31,-1.5073903134628601,UNKNOWN
2023-05-31T05:32,-1.4073903134628623,UNKNOWN
2023-05-31T05:33,-1.4073903134628623,UNKNOWN
2023-05-31T05:34,-1.4073903134628623,UNKNOWN
2023-05-31T05:35,-1.3073903134628608,UNKNOWN
2023-05-31T05:36,-1.3073903134628608,UNKNOWN
2023-05-31T05:37,-1.3073903134628608,UNKNOWN
2023-05-31T05:38,-1.3073903134628608,UNKNOWN
2023-05-31T05:39,-1.4073903134628623,UNKNOWN
2023-05-31T05:40,-1.4073903134628623,UNKNOWN
2023-05-31T05:41,-1.4073903134628623,UNKNOWN
2023-05-31T05:42,-1.4073903134628623,UNKNOWN
2023-05-31T05:43,-1.5073903134628601,UNKNOWN
2023-05-31T05:44,-1.4073903134628623,UNKNOWN
2023-05-31T05:45,-1.2073903134628594,UNKNOWN
2023-05-31T05:46,-1.0073903134628601,UNKNOWN
2023-05-31T05:47,-0.8073903134628608,UNKNOWN
2023-05-31T05:48,-0.7073903134628594,UNKNOWN
2023-05-31T05:49,-0.6073903134628615,UNKNOWN
2023-05-31T05:50,-0.5073903134628601,UNKNOWN
2023-05-31T05:51,-0.5073903134628601,UNKNOWN
2023-05-31T05:52,-0.5073903134628601,UNKNOWN
2023-05-31T05:53,-0.6073903134628615,UNKNOWN
2023-05-31T05:54,-0.7073903134628594,UNKNOWN
2023-05-31T05:55,-0.7073903134628594,UNKNOWN
2023-05-31T05:56,-0.7073903134628594,UNKNOWN
2023-05-31T05:57,-0.7073903134628594,UNKNOWN
2023-05-31T05:58,-0.8073903134628608,UNKNOWN
2023-05-31T05:59,-0.8073903134628608,UNKNOWN
2023-05-31T06:00,-0.8073903134628608,UNKNOWN
2023-05-31T06:01,-0.8073903134628608,UNKNOWN
2023-05-31T06:02,-0.8073903134628608,UNKNOWN
2023-05-31T06:03,-0.7073903134628594,UNKNOWN
2023-05-31T06:04,-0.7073903134628594,UNKNOWN
2023-05-31T06:05,-0.7073903134628594,UNKNOWN
2023-05-31T06:06,-0.6073903134628615,UNKNOWN
2023-05-31T06:07,-0.6073903134628615,UNKNOWN
2023-05-31T06:08,-0.6073903134628615,UNKNOWN
2023-05-31T06:09,-0.6073903134628615,UNKNOWN
2023-05-31T06:10,-0.5073903134628601,UNKNOWN
2023-05-31T06:11,-0.5073903134628601,UNKNOWN
2023-05-31T06:12,-0.6073903134628615,UNKNOWN
2023-05-31T06:13,-0.6073903134628615,UNKNOWN
2023-05-31T06:14,-0.6073903134628615,UNKNOWN
2023-05-31T06:15,-0.6073903134628615,UNKNOWN
2023-05-31T06:16,-0.6073903134628615,UNKNOWN
2023-05-31T06:17,-0.6073903134628615,UNKNOWN
2023-05-31T06:18,-0.7073903134628594,UNKNOWN
2023-05-31T06:19,-0.7073903134628594,UNKNOWN
2023-05-31T06:20,-0.7073903134628594,UNKNOWN
2023-05-31T06:21,-0.7073903134628594,UNKNOWN
2023-05-31T06:22,-0.7073903134628594,UNKNOWN
2023-05-31T06:23,-0.7073903134628594,UNKNOWN
2023-05-31T06:24,-0.7073903134628594,UNKNOWN
2023-05-31T06:25,-0.8073903134628608,UNKNOWN
2023-05-31T06:26,-0.8073903134628608,UNKNOWN
2023-05-31T06:27,-0.8073903134628608,UNKNOWN
2023-05-31T06:28,-0.8073903134628608,UNKNOWN
2023-05-31T06:29,-0.8073903134628608,UNKNOWN
2023-05-31T06:30,-0.8073903134628608,UNKNOWN
2023-05-31T06:31,-0.8073903134628608,UNKNOWN
2023-05-31T06:32,-0.8073903134628608,UNKNOWN
2023-05-31T06:33,-0.8073903134628608,UNKNOWN
2023-05-31T06:34,-0.8073903134628608,UNKNOWN
2023-05-31T06:35,-0.8073903134628608,UNKNOWN
2023-05-31T06:36,-0.8073903134628608,UNKNOWN
2023-05-31T06:37,-0.8073903134628608,UNKNOWN
2023-05-31T06:38,-0.8073903134628608,UNKNOWN
2023-05-31T06:39,-0.8073903134628608,UNKNOWN
2023-05-31T06:40,-0.8073903134628608,UNKNOWN
2023-05-31T06:41,-0.8073903134628608,UNKNOWN
2023-05-31T06:42,-0.8073903134628608,UNKNOWN
2023-05-31T06:43,-0.8073903134628608,UNKNOWN
2023-05-31T06:44,-0.8073903134628608,UNKNOWN
2023-05-31T06:45,-0.8073903134628608,UNKNOWN
2023-05-31T06:46,-0.8073903134628608,UNKNOWN
2023-05-31T06:47,-0.8073903134628608,UNKNOWN
2023-05-31T06:48,-0.8073903134628608,UNKNOWN
2023-05-31T06:49,-0.8073903134628608,UNKNOWN
2023-05-31T06:50,-0.8073903134628608,UNKNOWN
2023-05-31T06:51,-1.0073903134628601,UNKNOWN
2023-05-31T06:52,-1.0073903134628601,UNKNOWN
2023-05-31T06:53,-1.0073903134628601,UNKNOWN
2023-05-31T06:54,-1.0073903134628601,UNKNOWN
2023-05-31T06:55,-1.0073903134628601,UNKNOWN
2023-05-31T06:56,-1.1073903134628615,UNKNOWN
2023-05-31T06:57,-1.1073903134628615,UNKNOWN
2023-05-31T06:58,-1.1073903134628615,UNKNOWN
2023-05-31T06:59,-1.1073903134628615,UNKNOWN
2023-05-31T07:00,-1.1073903134628615,UNKNOWN
2023-05-31T07:01,-1.1073903134628615,UNKNOWN
2023-05-31T07:02,-1.3073903134628608,UNKNOWN
2023-05-31T07:03,-1.4073903134628623,UNKNOWN
2023-05-31T07:04,-1.6073903134628615,UNKNOWN
2023-05-31T07:05,-1.8073903134628608,UNKNOWN
2023-05-31T07:06,-1.9073903134628623,UNKNOWN
2023-05-31T07:07,-2.00739031346286,UNKNOWN
2023-05-31T07:08,-2.1073903134628615,UNKNOWN
2023-05-31T07:09,-2.6073903134628615,UNKNOWN
2023-05-31T07:23,-7.307390313462861,UNKNOWN
2023-05-31T07:24,-5.00739031346286,UNKNOWN
2023-05-31T07:25,-4.207390313462859,UNKNOWN
2023-05-31T07:26,-4.00739031346286,UNKNOWN
2023-05-31T07:27,-3.807390313462861,UNKNOWN
2023-05-31T07:28,-3.50739031346286,UNKNOWN
2023-05-31T07:29,-3.1073903134628615,UNKNOWN
2023-05-31T07:30,-2.9073903134628623,UNKNOWN
2023-05-31T07:31,-2.50739031346286,UNKNOWN
2023-05-31T07:32,-2.2073903134628594,UNKNOWN
2023-05-31T07:33,-2.1073903134628615,UNKNOWN
2023-05-31T07:34,-1.8073903134628608,UNKNOWN
2023-05-31T07:35,-1.8073903134628608,UNKNOWN
2023-05-31T07:36,-1.8073903134628608,UNKNOWN
2023-05-31T07:37,-1.9073903134628623,UNKNOWN
2023-05-31T07:38,-2.00739031346286,UNKNOWN
2023-05-31T07:39,-2.00739031346286,UNKNOWN
2023-05-31T07:40,-1.9073903134628623,UNKNOWN
2023-05-31T07:41,-2.00739031346286,UNKNOWN
2023-05-31T07:42,-1.9073903134628623,UNKNOWN
2023-05-31T07:43,-1.9073903134628623,UNKNOWN
2023-05-31T07:44,-1.9073903134628623,UNKNOWN
2023-05-31T07:45,-1.8073903134628608,UNKNOWN
2023-05-31T07:46,-1.8073903134628608,UNKNOWN
2023-05-31T07:47,-1.8073903134628608,UNKNOWN
2023-05-31T07:48,-1.8073903134628608,UNKNOWN
2023-05-31T07:49,-1.9073903134628623,UNKNOWN
2023-05-31T07:50,-1.9073903134628623,UNKNOWN
2023-05-31T07:51,-1.8073903134628608,UNKNOWN
2023-05-31T07:52,-1.8073903134628608,UNKNOWN
2023-05-31T07:53,-1.8073903134628608,UNKNOWN
2023-05-31T07:54,-1.8073903134628608,UNKNOWN
2023-05-31T07:55,-1.9073903134628623,UNKNOWN
2023-05-31T07:56,-2.2073903134628594,UNKNOWN
2023-05-31T07:57,-2.7073903134628594,UNKNOWN
2023-05-31T07:58,-3.1073903134628615,UNKNOWN
2023-05-31T07:59,-3.50739031346286,UNKNOWN
2023-05-31T08:00,-3.7073903134628594,UNKNOWN
2023-05-31T08:01,-3.807390313462861,UNKNOWN
2023-05-31T08:02,-3.9073903134628623,UNKNOWN
2023-05-31T08:03,-3.7073903134628594,UNKNOWN
2023-05-31T08:04,-3.6073903134628615,UNKNOWN
2023-05-31T08:05,-3.307390313462861,UNKNOWN
2023-05-31T08:06,-3.2073903134628594,UNKNOWN
2023-05-31T08:07,-3.4073903134628623,UNKNOWN
2023-05-31T08:08,-3.7073903134628594,UNKNOWN
2023-05-31T08:09,-3.9073903134628623,UNKNOWN
2023-05-31T08:10,-3.9073903134628623,UNKNOWN
2023-05-31T08:11,-3.807390313462861,UNKNOWN
2023-05-31T08:12,-3.7073903134628594,UNKNOWN
2023-05-31T08:13,-3.7073903134628594,UNKNOWN
2023-05-31T08:14,-3.7073903134628594,UNKNOWN
2023-05-31T08:15,-3.7073903134628594,UNKNOWN
2023-05-31T08:16,-3.50739031346286,UNKNOWN
2023-05-31T08:17,-3.307390313462861,UNKNOWN
2023-05-31T08:18,-3.1073903134628615,UNKNOWN
2023-05-31T08:19,-2.807390313462861,UNKNOWN
2023-05-31T08:20,-2.6073903134628615,UNKNOWN
2023-05-31T08:21,-2.307390313462861,UNKNOWN
2023-05-31T08:22,-2.1073903134628615,UNKNOWN
2023-05-31T08:23,-1.9073903134628623,UNKNOWN
2023-05-31T08:24,-2.2073903134628594,UNKNOWN
2023-05-31T08:25,-2.50739031346286,UNKNOWN
2023-05-31T08:26,-2.6073903134628615,UNKNOWN
2023-05-31T08:27,-2.807390313462861,UNKNOWN
2023-05-31T08:28,-3.00739031346286,UNKNOWN
2023-05-31T08:29,-3.1073903134628615,UNKNOWN
2023-05-31T08:30,-2.9073903134628623,UNKNOWN
2023-05-31T08:31,-2.9073903134628623,UNKNOWN
2023-05-31T08:32,-2.9073903134628623,UNKNOWN
2023-05-31T08:33,-2.9073903134628623,UNKNOWN
2023-05-31T08:34,-2.807390313462861,UNKNOWN
2023-05-31T08:35,-2.807390313462861,UNKNOWN
2023-05-31T08:36,-2.50739031346286,UNKNOWN
2023-05-31T08:37,-2.2073903134628594,UNKNOWN
2023-05-31T08:38,-2.1073903134628615,UNKNOWN
2023-05-31T08:39,-2.00739031346286,UNKNOWN
2023-05-31T08:40,-1.8073903134628608,UNKNOWN
2023-05-31T08:41,-1.8073903134628608,UNKNOWN
2023-05-31T08:42,-1.7073903134628594,UNKNOWN
2023-05-31T08:43,-1.6073903134628615,UNKNOWN
2023-05-31T08:44,-1.4073903134628623,UNKNOWN
2023-05-31T08:45,-1.5073903134628601,UNKNOWN
2023-05-31T08:46,-1.4073903134628623,UNKNOWN
2023-05-31T08:47,-1.3073903134628608,UNKNOWN
2023-05-31T08:48,-1.3073903134628608,UNKNOWN
2023-05-31T08:49,-1.3073903134628608,UNKNOWN
2023-05-31T08:50,-1.3073903134628608,UNKNOWN
2023-05-31T08:51,-1.2073903134628594,UNKNOWN
2023-05-31T08:52,-1.3073903134628608,UNKNOWN
2023-05-31T08:53,-1.4073903134628623,UNKNOWN
2023-05-31T08:54,-1.3073903134628608,UNKNOWN
2023-05-31T08:55,-1.3073903134628608,UNKNOWN
2023-05-31T08:56,-1.2073903134628594,UNKNOWN
2023-05-31T08:57,-1.2073903134628594,UNKNOWN
2023-05-31T08:58,-1.1073903134628615,UNKNOWN
2023-05-31T08:59,-1.1073903134628615,UNKNOWN
2023-05-31T09:00,-1.2073903134628594,UNKNOWN
2023-05-31T09:01,-1.3073903134628608,UNKNOWN
2023-05-31T09:02,-1.3073903134628608,UNKNOWN
2023-05-31T09:03,-1.2073903134628594,UNKNOWN
2023-05-31T09:04,-1.2073903134628594,UNKNOWN
2023-05-31T09:05,-1.2073903134628594,UNKNOWN
2023-05-31T09:06,-1.3073903134628608,UNKNOWN
2023-05-31T09:07,-1.6073903134628615,UNKNOWN
2023-05-31T09:08,-1.7073903134628594,UNKNOWN
2023-05-31T09:09,-1.8073903134628608,UNKNOWN
2023-05-31T09:10,-2.00739031346286,UNKNOWN
2023-05-31T09:11,-2.1073903134628615,UNKNOWN
2023-05-31T09:12,-2.307390313462861,UNKNOWN
2023-05-31T09:13,-2.50739031346286,UNKNOWN
2023-05-31T09:14,-2.6073903134628615,UNKNOWN
2023-05-31T09:15,-2.7073903134628594,UNKNOWN
2023-05-31T09:16,-2.9073903134628623,UNKNOWN
2023-05-31T09:17,-3.00739031346286,UNKNOWN
2023-05-31T09:18,-3.1073903134628615,UNKNOWN
2023-05-31T09:19,-3.2073903134628594,UNKNOWN
2023-05-31T09:20,-3.307390313462861,UNKNOWN
2023-05-31T09:21,-3.4073903134628623,UNKNOWN
2023-05-31T09:22,-3.4073903134628623,UNKNOWN
2023-05-31T09:23,-3.307390313462861,UNKNOWN
2023-05-31T09:24,-3.1073903134628615,UNKNOWN
2023-05-31T09:25,-2.9073903134628623,UNKNOWN
2023-05-31T09:26,-2.7073903134628594,UNKNOWN
2023-05-31T09:27,-2.50739031346286,UNKNOWN
2023-05-31T09:28,-2.307390313462861,UNKNOWN
2023-05-31T09:29,-2.307390313462861,UNKNOWN
2023-05-31T09:30,-2.50739031346286,UNKNOWN
2023-05-31T09:31,-2.6073903134628615,UNKNOWN
2023-05-31T09:32,-2.6073903134628615,UNKNOWN
2023-05-31T09:33,-2.807390313462861,UNKNOWN
2023-05-31T09:34,-2.807390313462861,UNKNOWN
2023-05-31T09:35,-2.9073903134628623,UNKNOWN
2023-05-31T09:36,-3.1073903134628615,UNKNOWN
2023-05-31T09:37,-3.4073903134628623,UNKNOWN
2023-05-31T09:38,-3.50739031346286,UNKNOWN
2023-05-31T09:39,-3.50739031346286,UNKNOWN
2023-05-31T09:40,-3.7073903134628594,UNKNOWN
2023-05-31T09:41,-3.7073903134628594,UNKNOWN
2023-05-31T09:42,-3.807390313462861,UNKNOWN
2023-05-31T09:43,-3.9073903134628623,UNKNOWN
2023-05-31T09:44,-4.00739031346286,UNKNOWN
2023-05-31T09:45,-3.9073903134628623,UNKNOWN
2023-05-31T09:46,-3.9073903134628623,UNKNOWN
2023-05-31T09:47,-3.9073903134628623,UNKNOWN
2023-05-31T09:48,-3.9073903134628623,UNKNOWN
2023-05-31T09:49,-3.9073903134628623,UNKNOWN
2023-05-31T09:50,-4.00739031346286,UNKNOWN
2023-05-31T09:51,-3.9073903134628623,UNKNOWN
2023-05-31T09:52,-3.7073903134628594,UNKNOWN
2023-05-31T09:53,-3.6073903134628615,UNKNOWN
2023-05-31T09:54,-3.50739031346286,UNKNOWN
2023-05-31T09:55,-3.50739031346286,UNKNOWN
2023-05-31T09:56,-3.4073903134628623,UNKNOWN
2023-05-31T09:57,-3.307390313462861,UNKNOWN
2023-05-31T09:58,-3.307390313462861,UNKNOWN
2023-05-31T09:59,-3.307390313462861,UNKNOWN
2023-05-31T10:00,-3.307390313462861,UNKNOWN
2023-05-31T10:01,-3.4073903134628623,UNKNOWN
2023-05-31T10:02,-3.4073903134628623,UNKNOWN
2023-05-31T10:03,-3.50739031346286,UNKNOWN
2023-05-31T10:04,-3.50739031346286,UNKNOWN
2023-05-31T10:05,-3.50739031346286,UNKNOWN
2023-05-31T10:06,-3.50739031346286,UNKNOWN
2023-05-31T10:07,-3.50739031346286,UNKNOWN
2023-05-31T10:08,-3.6073903134628615,UNKNOWN
2023-05-31T10:09,-3.7073903134628594,UNKNOWN
2023-05-31T10:10,-3.7073903134628594,UNKNOWN
2023-05-31T10:11,-3.807390313462861,UNKNOWN
2023-05-31T10:12,-3.9073903134628623,UNKNOWN
2023-05-31T10:13,-4.00739031346286,UNKNOWN
2023-05-31T10:14,-4.00739031346286,UNKNOWN
2023-05-31T10:15,-4.1073903134628615,UNKNOWN
2023-05-31T10:16,-4.307390313462861,UNKNOWN
2023-05-31T10:17,-4.307390313462861,UNKNOWN
2023-05-31T10:18,-4.307390313462861,UNKNOWN
2023-05-31T10:19,-4.307390313462861,UNKNOWN
2023-05-31T10:20,-4.307390313462861,UNKNOWN
2023-05-31T10:21,-4.307390313462861,UNKNOWN
2023-05-31T10:22,-4.307390313462861,UNKNOWN
2023-05-31T10:23,-4.207390313462859,UNKNOWN
2023-05-31T10:24,-4.207390313462859,UNKNOWN
2023-05-31T10:25,-4.207390313462859,UNKNOWN
2023-05-31T10:26,-4.307390313462861,UNKNOWN
2023-05-31T10:27,-3.9073903134628623,UNKNOWN
2023-05-31T10:28,-3.4073903134628623,UNKNOWN
2023-05-31T10:29,-2.7073903134628594,UNKNOWN
2023-05-31T10:30,-1.7073903134628594,UNKNOWN
2023-05-31T10:31,-1.7073903134628594,UNKNOWN
2023-05-31T10:32,-2.00739031346286,UNKNOWN
2023-05-31T10:33,-2.307390313462861,UNKNOWN
2023-05-31T10:34,-2.6073903134628615,UNKNOWN
2023-05-31T10:35,-2.9073903134628623,UNKNOWN
2023-05-31T10:36,-3.1073903134628615,UNKNOWN
2023-05-31T10:37,-3.307390313462861,UNKNOWN
2023-05-31T10:38,-3.50739031346286,UNKNOWN
2023-05-31T10:39,-3.7073903134628594,UNKNOWN
2023-05-31T10:40,-3.807390313462861,UNKNOWN
2023-05-31T10:41,-3.9073903134628623,UNKNOWN
2023-05-31T10:42,-4.00739031346286,UNKNOWN
2023-05-31T10:43,-4.1073903134628615,UNKNOWN
2023-05-31T10:44,-4.307390313462861,UNKNOWN
2023-05-31T10:45,-4.307390313462861,UNKNOWN
2023-05-31T10:46,-4.407390313462862,UNKNOWN
2023-05-31T10:47,-4.50739031346286,UNKNOWN
2023-05-31T10:48,-4.707390313462859,UNKNOWN
2023-05-31T10:49,-4.807390313462861,UNKNOWN
2023-05-31T10:50,-5.00739031346286,UNKNOWN
2023-05-31T10:51,-5.707390313462859,UNKNOWN
2023-05-31T10:52,-6.307390313462861,UNKNOWN
2023-05-31T10:53,-6.807390313462861,UNKNOWN
2023-05-31T10:54,-7.207390313462859,UNKNOWN
2023-05-31T11:09,-7.00739031346286,UNKNOWN
2023-05-31T11:10,-7.1073903134628615,UNKNOWN
2023-05-31T11:11,-7.307390313462861,UNKNOWN
2023-05-31T11:12,-7.207390313462859,UNKNOWN
2023-05-31T11:13,-7.00739031346286,UNKNOWN
2023-05-31T11:14,-7.207390313462859,UNKNOWN
2023-05-31T11:15,-7.00739031346286,UNKNOWN
2023-05-31T11:16,-6.907390313462862,UNKNOWN
2023-05-31T11:17,-7.00739031346286,UNKNOWN
2023-05-31T11:18,-7.00739031346286,UNKNOWN
2023-05-31T11:19,-6.50739031346286,UNKNOWN
2023-05-31T11:20,-6.307390313462861,UNKNOWN
2023-05-31T11:21,-6.407390313462862,UNKNOWN
2023-05-31T11:22,-6.6073903134628615,UNKNOWN
2023-05-31T11:23,-6.6073903134628615,UNKNOWN
2023-05-31T11:24,-6.407390313462862,UNKNOWN
2023-05-31T11:25,-6.207390313462859,UNKNOWN
2023-05-31T11:26,-5.907390313462862,UNKNOWN
2023-05-31T11:27,-5.707390313462859,UNKNOWN
2023-05-31T11:28,-5.907390313462862,UNKNOWN
2023-05-31T11:29,-5.907390313462862,UNKNOWN
2023-05-31T11:30,-6.1073903134628615,UNKNOWN
2023-05-31T11:31,-5.807390313462861,UNKNOWN
2023-05-31T11:32,-5.6073903134628615,UNKNOWN
2023-05-31T11:33,-5.207390313462859,UNKNOWN
2023-05-31T11:34,-5.00739031346286,UNKNOWN
2023-05-31T11:35,-5.00739031346286,UNKNOWN
2023-05-31T11:36,-4.907390313462862,UNKNOWN
2023-05-31T11:37,-5.1073903134628615,UNKNOWN
2023-05-31T11:38,-5.307390313462861,UNKNOWN
2023-05-31T11:39,-5.207390313462859,UNKNOWN
2023-05-31T11:40,-5.00739031346286,UNKNOWN
2023-05-31T11:41,-5.00739031346286,UNKNOWN
2023-05-31T11:42,-5.1073903134628615,UNKNOWN
2023-05-31T11:43,-4.907390313462862,UNKNOWN
2023-05-31T11:44,-4.307390313462861,UNKNOWN
2023-05-31T11:45,-3.50739031346286,UNKNOWN
2023-05-31T11:46,-3.1073903134628615,UNKNOWN
2023-05-31T11:47,-2.9073903134628623,UNKNOWN
2023-05-31T11:48,-2.9073903134628623,UNKNOWN
2023-05-31T11:49,-2.9073903134628623,UNKNOWN
2023-05-31T11:50,-2.807390313462861,UNKNOWN
2023-05-31T11:51,-2.7073903134628594,UNKNOWN
2023-05-31T11:52,-2.50739031346286,UNKNOWN
2023-05-31T11:53,-2.4073903134628623,UNKNOWN
2023-05-31T11:54,-2.307390313462861,UNKNOWN
2023-05-31T11:55,-2.1073903134628615,UNKNOWN
2023-05-31T11:56,-2.1073903134628615,UNKNOWN
2023-05-31T11:57,-1.9073903134628623,UNKNOWN
2023-05-31T11:58,-1.9073903134628623,UNKNOWN
2023-05-31T11:59,-1.9073903134628623,UNKNOWN
2023-05-31T12:00,-1.9073903134628623,UNKNOWN
2023-05-31T12:01,-2.00739031346286,UNKNOWN
2023-05-31T12:02,-2.00739031346286,UNKNOWN
2023-05-31T12:03,-2.1073903134628615,UNKNOWN
2023-05-31T12:04,-2.1073903134628615,UNKNOWN
2023-05-31T12:05,-2.1073903134628615,UNKNOWN
2023-05-31T12:06,-2.2073903134628594,UNKNOWN
2023-05-31T12:07,-2.2073903134628594,UNKNOWN
2023-05-31T12:08,-2.2073903134628594,UNKNOWN
2023-05-31T12:09,-2.2073903134628594,UNKNOWN
2023-05-31T12:10,-2.307390313462861,UNKNOWN
2023-05-31T12:11,-2.307390313462861,UNKNOWN
2023-05-31T12:12,-2.4073903134628623,UNKNOWN
2023-05-31T12:13,-2.4073903134628623,UNKNOWN
2023-05-31T12:14,-2.307390313462861,UNKNOWN
2023-05-31T12:15,-2.307390313462861,UNKNOWN
2023-05-31T12:16,-2.307390313462861,UNKNOWN
2023-05-31T12:17,-2.307390313462861,UNKNOWN
2023-05-31T12:18,-2.307390313462861,UNKNOWN
2023-05-31T12:19,-2.4073903134628623,UNKNOWN
2023-05-31T12:20,-2.4073903134628623,UNKNOWN
2023-05-31T12:21,-2.50739031346286,UNKNOWN
2023-05-31T12:22,-2.6073903134628615,UNKNOWN
2023-05-31T12:23,-2.6073903134628615,UNKNOWN
2023-05-31T12:24,-2.7073903134628594,UNKNOWN
2023-05-31T12:25,-2.6073903134628615,UNKNOWN
2023-05-31T12:26,-2.7073903134628594,UNKNOWN
2023-05-31T12:27,-2.807390313462861,UNKNOWN
2023-05-31T12:28,-2.9073903134628623,UNKNOWN
2023-05-31T12:29,-2.9073903134628623,UNKNOWN
2023-05-31T12:30,-3.1073903134628615,UNKNOWN
2023-05-31T12:31,-3.50739031346286,UNKNOWN
2023-05-31T12:32,-3.9073903134628623,UNKNOWN
2023-05-31T12:33,-4.00739031346286,UNKNOWN
2023-05-31T12:34,-4.1073903134628615,UNKNOWN
2023-05-31T12:35,-4.407390313462862,UNKNOWN
2023-05-31T12:36,-4.707390313462859,UNKNOWN
2023-05-31T12:37,-5.00739031346286,UNKNOWN
2023-05-31T12:38,-5.307390313462861,UNKNOWN
2023-05-31T12:39,-5.407390313462862,UNKNOWN
2023-05-31T12:40,-5.407390313462862,UNKNOWN
2023-05-31T12:41,-5.307390313462861,UNKNOWN
2023-05-31T12:42,-5.207390313462859,UNKNOWN
2023-05-31T12:43,-5.307390313462861,UNKNOWN
2023-05-31T12:44,-5.407390313462862,UNKNOWN
2023-05-31T12:45,-5.407390313462862,UNKNOWN
2023-05-31T12:46,-5.1073903134628615,UNKNOWN
2023-05-31T12:47,-5.1073903134628615,UNKNOWN
2023-05-31T12:48,-5.1073903134628615,UNKNOWN
2023-05-31T12:49,-5.1073903134628615,UNKNOWN
2023-05-31T12:50,-5.00739031346286,UNKNOWN
2023-05-31T12:51,-4.6073903134628615,UNKNOWN
2023-05-31T12:52,-4.207390313462859,UNKNOWN
2023-05-31T12:53,-3.9073903134628623,UNKNOWN
2023-05-31T12:54,-3.7073903134628594,UNKNOWN
2023-05-31T12:55,-3.50739031346286,UNKNOWN
2023-05-31T12:56,-3.307390313462861,UNKNOWN
2023-05-31T12:57,-3.1073903134628615,UNKNOWN
2023-05-31T12:58,-2.807390313462861,UNKNOWN
2023-05-31T12:59,-2.6073903134628615,UNKNOWN
2023-05-31T13:00,-2.7073903134628594,UNKNOWN
2023-05-31T13:01,-2.807390313462861,UNKNOWN
2023-05-31T13:02,-2.9073903134628623,UNKNOWN
2023-05-31T13:03,-3.2073903134628594,UNKNOWN
2023-05-31T13:04,-3.7073903134628594,UNKNOWN
2023-05-31T13:05,-4.00739031346286,UNKNOWN
2023-05-31T13:06,-4.307390313462861,UNKNOWN
2023-05-31T13:07,-4.6073903134628615,UNKNOWN
2023-05-31T13:08,-4.807390313462861,UNKNOWN
2023-05-31T13:09,-4.907390313462862,UNKNOWN
2023-05-31T13:10,-5.1073903134628615,UNKNOWN
2023-05-31T13:11,-5.307390313462861,UNKNOWN
2023-05-31T13:12,-5.307390313462861,UNKNOWN
2023-05-31T13:13,-5.407390313462862,UNKNOWN
2023-05-31T13:14,-5.407390313462862,UNKNOWN
2023-05-31T13:15,-5.50739031346286,UNKNOWN
2023-05-31T13:16,-5.6073903134628615,UNKNOWN
2023-05-31T13:17,-5.6073903134628615,UNKNOWN
2023-05-31T13:18,-5.6073903134628615,UNKNOWN
2023-05-31T13:19,-5.50739031346286,UNKNOWN
2023-05-31T13:20,-5.6073903134628615,UNKNOWN
2023-05-31T13:21,-5.807390313462861,UNKNOWN
2023-05-31T13:22,-5.907390313462862,UNKNOWN
2023-05-31T13:23,-5.907390313462862,UNKNOWN
2023-05-31T13:24,-6.407390313462862,UNKNOWN
2023-05-31T13:25,-6.907390313462862,UNKNOWN
2023-05-31T13:36,-6.807390313462861,UNKNOWN
2023-05-31T13:37,-6.1073903134628615,UNKNOWN
2023-05-31T13:38,-5.407390313462862,UNKNOWN
2023-05-31T13:39,-4.807390313462861,UNKNOWN
2023-05-31T13:40,-4.407390313462862,UNKNOWN
2023-05-31T13:41,-4.00739031346286,UNKNOWN
2023-05-31T13:42,-3.6073903134628615,UNKNOWN
2023-05-31T13:43,-3.4073903134628623,UNKNOWN
2023-05-31T13:44,-2.807390313462861,UNKNOWN
2023-05-31T13:45,-2.307390313462861,UNKNOWN
2023-05-31T13:46,-1.9073903134628623,UNKNOWN
2023-05-31T13:47,-1.6073903134628615,UNKNOWN
2023-05-31T13:48,-1.4073903134628623,UNKNOWN
2023-05-31T13:49,-1.5073903134628601,UNKNOWN
2023-05-31T13:50,-1.4073903134628623,UNKNOWN
2023-05-31T13:51,-1.0073903134628601,UNKNOWN
2023-05-31T13:52,-0.6073903134628615,UNKNOWN
2023-05-31T13:53,-0.6073903134628615,UNKNOWN
2023-05-31T13:54,-0.6073903134628615,UNKNOWN
2023-05-31T13:55,-0.5073903134628601,UNKNOWN
2023-05-31T13:56,-0.40739031346286225,UNKNOWN
2023-05-31T13:57,-0.30739031346286083,UNKNOWN
2023-05-31T13:58,-0.2073903134628594,UNKNOWN
2023-05-31T13:59,-0.2073903134628594,UNKNOWN
2023-05-31T14:00,-0.2073903134628594,UNKNOWN
2023-05-31T14:01,-0.2073903134628594,UNKNOWN
2023-05-31T14:02,-0.10739031346285799,UNKNOWN
2023-05-31T14:03,-0.30739031346286083,UNKNOWN
2023-05-31T14:04,-0.40739031346286225,UNKNOWN
2023-05-31T14:05,-0.5073903134628601,UNKNOWN
2023-05-31T14:06,-0.7073903134628594,UNKNOWN
2023-05-31T14:07,-1.0073903134628601,UNKNOWN
2023-05-31T14:08,-1.2073903134628594,UNKNOWN
2023-05-31T14:09,-1.2073903134628594,UNKNOWN
2023-05-31T14:10,-1.2073903134628594,UNKNOWN
2023-05-31T14:11,-1.3073903134628608,UNKNOWN
2023-05-31T14:12,-1.4073903134628623,UNKNOWN
2023-05-31T14:13,-1.4073903134628623,UNKNOWN
2023-05-31T14:14,-1.2073903134628594,UNKNOWN
2023-05-31T14:15,-1.1073903134628615,UNKNOWN
2023-05-31T14:16,-0.9073903134628623,UNKNOWN
2023-05-31T14:17,-0.8073903134628608,UNKNOWN
2023-05-31T14:18,-0.6073903134628615,UNKNOWN
2023-05-31T14:19,-0.6073903134628615,UNKNOWN
2023-05-31T14:20,-0.7073903134628594,UNKNOWN
2023-05-31T14:21,-0.7073903134628594,UNKNOWN
2023-05-31T14:22,-0.6073903134628615,UNKNOWN
2023-05-31T14:23,-0.5073903134628601,UNKNOWN
2023-05-31T14:24,-0.5073903134628601,UNKNOWN
2023-05-31T14:25,-0.40739031346286225,UNKNOWN
2023-05-31T14:26,-0.5073903134628601,UNKNOWN
2023-05-31T14:27,-0.6073903134628615,UNKNOWN
2023-05-31T14:28,-0.8073903134628608,UNKNOWN
2023-05-31T14:29,-0.8073903134628608,UNKNOWN
2023-05-31T14:30,-0.9073903134628623,UNKNOWN
2023-05-31T14:31,-1.0073903134628601,UNKNOWN
2023-05-31T14:32,-1.1073903134628615,UNKNOWN
2023-05-31T14:33,-1.1073903134628615,UNKNOWN
2023-05-31T14:34,-1.1073903134628615,UNKNOWN
2023-05-31T14:35,-1.3073903134628608,UNKNOWN
2023-05-31T14:36,-1.6073903134628615,UNKNOWN
2023-05-31T14:37,-1.8073903134628608,UNKNOWN
2023-05-31T14:38,-2.00739031346286,UNKNOWN
2023-05-31T14:39,-2.307390313462861,UNKNOWN
2023-05-31T14:40,-2.6073903134628615,UNKNOWN
2023-05-31T14:41,-2.7073903134628594,UNKNOWN
2023-05-31T14:42,-2.50739031346286,UNKNOWN
2023-05-31T14:43,-2.307390313462861,UNKNOWN
2023-05-31T14:44,-2.1073903134628615,UNKNOWN
2023-05-31T14:45,-1.9073903134628623,UNKNOWN
2023-05-31T14:46,-1.8073903134628608,UNKNOWN
2023-05-31T14:47,-1.7073903134628594,UNKNOWN
2023-05-31T14:48,-1.6073903134628615,UNKNOWN
2023-05-31T14:49,-1.4073903134628623,UNKNOWN
2023-05-31T14:50,-1.5073903134628601,UNKNOWN
2023-05-31T14:51,-1.6073903134628615,UNKNOWN
2023-05-31T14:52,-1.6073903134628615,UNKNOWN
2023-05-31T14:53,-1.4073903134628623,UNKNOWN
2023-05-31T14:54,-1.1073903134628615,UNKNOWN
2023-05-31T14:55,-0.8073903134628608,UNKNOWN
2023-05-31T14:56,-0.8073903134628608,UNKNOWN
2023-05-31T14:57,-0.7073903134628594,UNKNOWN
2023-05-31T14:58,-0.6073903134628615,UNKNOWN
2023-05-31T14:59,-0.40739031346286225,UNKNOWN
2023-05-31T15:00,-0.30739031346286083,UNKNOWN
2023-05-31T15:01,-0.30739031346286083,UNKNOWN
2023-05-31T15:02,-0.2073903134628594,UNKNOWN
2023-05-31T15:03,-0.10739031346285799,UNKNOWN
2023-05-31T15:04,-0.0073903134628636735,UNKNOWN
2023-05-31T15:05,0.19260968653713917,UNKNOWN
2023-05-31T15:06,0.09260968653713775,UNKNOWN
2023-05-31T15:07,0.09260968653713775,UNKNOWN
2023-05-31T15:08,0.19260968653713917,UNKNOWN
2023-05-31T15:09,0.392609686537142,UNKNOWN
2023-05-31T15:10,0.4926096865371363,UNKNOWN
2023-05-31T15:11,0.6926096865371392,UNKNOWN
2023-05-31T15:12,0.6926096865371392,UNKNOWN
2023-05-31T15:13,0.5926096865371377,UNKNOWN
2023-05-31T15:14,0.19260968653713917,UNKNOWN
2023-05-31T15:15,-0.0073903134628636735,UNKNOWN
2023-05-31T15:16,-0.10739031346285799,UNKNOWN
2023-05-31T15:17,-0.10739031346285799,UNKNOWN
2023-05-31T15:18,-0.10739031346285799,UNKNOWN
2023-05-31T15:19,-0.0073903134628636735,UNKNOWN
2023-05-31T15:20,-0.30739031346286083,UNKNOWN
2023-05-31T15:21,-0.7073903134628594,UNKNOWN
2023-05-31T15:22,-1.2073903134628594,UNKNOWN
2023-05-31T15:23,-1.6073903134628615,UNKNOWN
2023-05-31T15:24,-1.8073903134628608,UNKNOWN
2023-05-31T15:25,-1.8073903134628608,UNKNOWN
2023-05-31T15:26,-1.8073903134628608,UNKNOWN
2023-05-31T15:27,-1.8073903134628608,UNKNOWN
2023-05-31T15:28,-1.8073903134628608,UNKNOWN
2023-05-31T15:29,-1.8073903134628608,UNKNOWN
2023-05-31T15:30,-1.8073903134628608,UNKNOWN
2023-05-31T15:31,-1.8073903134628608,UNKNOWN
2023-05-31T15:32,-1.8073903134628608,UNKNOWN
2023-05-31T15:33,-1.7073903134628594,UNKNOWN
2023-05-31T15:34,-1.6073903134628615,UNKNOWN
2023-05-31T15:35,-1.5073903134628601,UNKNOWN
2023-05-31T15:36,-1.4073903134628623,UNKNOWN
2023-05-31T15:37,-1.4073903134628623,UNKNOWN
2023-05-31T15:38,-1.4073903134628623,UNKNOWN
2023-05-31T15:39,-1.3073903134628608,UNKNOWN
2023-05-31T15:40,-1.3073903134628608,UNKNOWN
2023-05-31T15:41,-1.3073903134628608,UNKNOWN
2023-05-31T15:42,-1.3073903134628608,UNKNOWN
2023-05-31T15:43,-1.2073903134628594,UNKNOWN
2023-05-31T15:44,-1.2073903134628594,UNKNOWN
2023-05-31T15:45,-1.1073903134628615,UNKNOWN
2023-05-31T15:46,-1.1073903134628615,UNKNOWN
2023-05-31T15:47,-1.2073903134628594,UNKNOWN
2023-05-31T15:48,-1.3073903134628608,UNKNOWN
2023-05-31T15:49,-1.3073903134628608,UNKNOWN
2023-05-31T15:50,-1.2073903134628594,UNKNOWN
2023-05-31T15:51,-1.2073903134628594,UNKNOWN
2023-05-31T15:52,-1.3073903134628608,UNKNOWN
2023-05-31T15:53,-1.3073903134628608,UNKNOWN
2023-05-31T15:54,-1.3073903134628608,UNKNOWN
2023-05-31T15:55,-1.1073903134628615,UNKNOWN
2023-05-31T15:56,-1.1073903134628615,UNKNOWN
2023-05-31T15:57,-1.1073903134628615,UNKNOWN
2023-05-31T15:58,-1.0073903134628601,UNKNOWN
2023-05-31T15:59,-1.0073903134628601,UNKNOWN
2023-05-31T16:00,-1.0073903134628601,UNKNOWN
2023-05-31T16:01,-0.9073903134628623,UNKNOWN
2023-05-31T16:02,-0.9073903134628623,UNKNOWN
2023-05-31T16:03,-0.9073903134628623,UNKNOWN
2023-05-31T16:04,-1.1073903134628615,UNKNOWN
2023-05-31T16:05,-1.2073903134628594,UNKNOWN
2023-05-31T16:06,-1.4073903134628623,UNKNOWN
2023-05-31T16:07,-1.5073903134628601,UNKNOWN
2023-05-31T16:08,-1.5073903134628601,UNKNOWN
2023-05-31T16:09,-1.5073903134628601,UNKNOWN
2023-05-31T16:10,-1.4073903134628623,UNKNOWN
2023-05-31T16:11,-1.4073903134628623,UNKNOWN
2023-05-31T16:12,-1.4073903134628623,UNKNOWN
2023-05-31T16:13,-1.4073903134628623,UNKNOWN
2023-05-31T16:14,-1.5073903134628601,UNKNOWN
2023-05-31T16:15,-1.5073903134628601,UNKNOWN
2023-05-31T16:16,-1.6073903134628615,UNKNOWN
2023-05-31T16:17,-1.6073903134628615,UNKNOWN
2023-05-31T16:18,-1.6073903134628615,UNKNOWN
2023-05-31T16:19,-1.8073903134628608,UNKNOWN
2023-05-31T16:20,-1.9073903134628623,UNKNOWN
2023-05-31T16:21,-1.9073903134628623,UNKNOWN
2023-05-31T16:22,-1.9073903134628623,UNKNOWN
2023-05-31T16:23,-1.9073903134628623,UNKNOWN
2023-05-31T16:24,-2.00739031346286,UNKNOWN
2023-05-31T16:25,-2.1073903134628615,UNKNOWN
2023-05-31T16:26,-2.2073903134628594,UNKNOWN
2023-05-31T16:27,-2.2073903134628594,UNKNOWN
2023-05-31T16:28,-2.2073903134628594,UNKNOWN
2023-05-31T16:29,-2.307390313462861,UNKNOWN
2023-05-31T16:30,-2.307390313462861,UNKNOWN
2023-05-31T16:31,-2.307390313462861,UNKNOWN
2023-05-31T16:32,-2.307390313462861,UNKNOWN
2023-05-31T16:33,-2.2073903134628594,UNKNOWN
2023-05-31T16:34,-2.307390313462861,UNKNOWN
2023-05-31T16:35,-2.307390313462861,UNKNOWN
2023-05-31T16:36,-2.307390313462861,UNKNOWN
2023-05-31T16:37,-2.307390313462861,UNKNOWN
2023-05-31T16:38,-2.4073903134628623,UNKNOWN
2023-05-31T16:39,-2.307390313462861,UNKNOWN
2023-05-31T16:40,-2.2073903134628594,UNKNOWN
2023-05-31T16:41,-2.307390313462861,UNKNOWN
2023-05-31T16:42,-2.4073903134628623,UNKNOWN
2023-05-31T16:43,-2.307390313462861,UNKNOWN
2023-05-31T16:44,-2.50739031346286,UNKNOWN
2023-05-31T16:45,-2.7073903134628594,UNKNOWN
2023-05-31T16:46,-2.807390313462861,UNKNOWN
2023-05-31T16:47,-2.6073903134628615,UNKNOWN
2023-05-31T16:48,-2.50739031346286,UNKNOWN
2023-05-31T16:49,-2.4073903134628623,UNKNOWN
2023-05-31T16:50,-2.2073903134628594,UNKNOWN
2023-05-31T16:51,-2.00739031346286,UNKNOWN
2023-05-31T16:52,-1.9073903134628623,UNKNOWN
2023-05-31T16:53,-1.7073903134628594,UNKNOWN
2023-05-31T16:54,-1.5073903134628601,UNKNOWN
2023-05-31T16:55,-1.3073903134628608,UNKNOWN
2023-05-31T16:56,-1.2073903134628594,UNKNOWN
2023-05-31T16:57,-1.0073903134628601,UNKNOWN
2023-05-31T16:58,-0.9073903134628623,UNKNOWN
2023-05-31T16:59,-0.9073903134628623,UNKNOWN
2023-05-31T17:00,-0.9073903134628623,UNKNOWN
2023-05-31T17:01,-0.9073903134628623,UNKNOWN
2023-05-31T17:02,-1.1073903134628615,UNKNOWN
2023-05-31T17:03,-1.1073903134628615,UNKNOWN
2023-05-31T17:04,-1.1073903134628615,UNKNOWN
2023-05-31T17:05,-1.1073903134628615,UNKNOWN
2023-05-31T17:06,-1.0073903134628601,UNKNOWN
2023-05-31T17:07,-0.9073903134628623,UNKNOWN
2023-05-31T17:08,-0.8073903134628608,UNKNOWN
2023-05-31T17:09,-0.7073903134628594,UNKNOWN
2023-05-31T17:10,-0.7073903134628594,UNKNOWN
2023-05-31T17:11,-0.7073903134628594,UNKNOWN
2023-05-31T17:12,-0.8073903134628608,UNKNOWN
2023-05-31T17:13,-0.8073903134628608,UNKNOWN
2023-05-31T17:14,-0.8073903134628608,UNKNOWN
2023-05-31T17:15,-0.8073903134628608,UNKNOWN
2023-05-31T17:16,-0.8073903134628608,UNKNOWN
2023-05-31T17:17,-0.8073903134628608,UNKNOWN
2023-05-31T17:18,-0.8073903134628608,UNKNOWN
2023-05-31T17:19,-0.8073903134628608,UNKNOWN
2023-05-31T17:20,-0.7073903134628594,UNKNOWN
2023-05-31T17:21,-0.6073903134628615,UNKNOWN
2023-05-31T17:22,-0.5073903134628601,UNKNOWN
2023-05-31T17:23,-0.5073903134628601,UNKNOWN
2023-05-31T17:24,-0.40739031346286225,UNKNOWN
2023-05-31T17:25,-0.40739031346286225,UNKNOWN
2023-05-31T17:26,-0.30739031346286083,UNKNOWN
2023-05-31T17:27,-0.30739031346286083,UNKNOWN
2023-05-31T17:28,-0.30739031346286083,UNKNOWN
2023-05-31T17:29,-0.2073903134628594,UNKNOWN
2023-05-31T17:30,-0.10739031346285799,UNKNOWN
2023-05-31T17:31,-0.10739031346285799,UNKNOWN
2023-05-31T17:32,-0.2073903134628594,UNKNOWN
2023-05-31T17:33,-0.10739031346285799,UNKNOWN
2023-05-31T17:34,-0.2073903134628594,UNKNOWN
2023-05-31T17:35,-0.2073903134628594,UNKNOWN
2023-05-31T17:36,-0.0073903134628636735,UNKNOWN
2023-05-31T17:37,-0.0073903134628636735,UNKNOWN
2023-05-31T17:38,-0.0073903134628636735,UNKNOWN
2023-05-31T17:39,-0.0073903134628636735,UNKNOWN
2023-05-31T17:40,-0.0073903134628636735,UNKNOWN
2023-05-31T17:41,-0.0073903134628636735,UNKNOWN
2023-05-31T17:42,-0.10739031346285799,UNKNOWN
2023-05-31T17:43,-0.2073903134628594,UNKNOWN
2023-05-31T17:44,-0.30739031346286083,UNKNOWN
2023-05-31T17:45,-0.40739031346286225,UNKNOWN
2023-05-31T17:46,-0.5073903134628601,UNKNOWN
2023-05-31T17:47,-0.5073903134628601,UNKNOWN
2023-05-31T17:48,-0.5073903134628601,UNKNOWN
2023-05-31T17:49,-0.6073903134628615,UNKNOWN
2023-05-31T17:50,-0.6073903134628615,UNKNOWN
2023-05-31T17:51,-0.5073903134628601,UNKNOWN
2023-05-31T17:52,-0.6073903134628615,UNKNOWN
2023-05-31T17:53,-0.7073903134628594,UNKNOWN
2023-05-31T17:54,-0.6073903134628615,UNKNOWN
2023-05-31T17:55,-0.6073903134628615,UNKNOWN
2023-05-31T17:56,-0.6073903134628615,UNKNOWN
2023-05-31T17:57,-0.5073903134628601,UNKNOWN
2023-05-31T17:58,-0.5073903134628601,UNKNOWN
2023-05-31T17:59,-0.5073903134628601,UNKNOWN
2023-05-31T18:00,-0.5073903134628601,UNKNOWN
2023-05-31T18:01,-0.5073903134628601,UNKNOWN
2023-05-31T18:02,-0.5073903134628601,UNKNOWN
2023-05-31T18:03,-0.5073903134628601,UNKNOWN
2023-05-31T18:04,-0.5073903134628601,UNKNOWN
2023-05-31T18:05,-0.5073903134628601,UNKNOWN
2023-05-31T18:06,-0.5073903134628601,UNKNOWN
2023-05-31T18:07,-0.6073903134628615,UNKNOWN
2023-05-31T18:08,-0.6073903134628615,UNKNOWN
2023-05-31T18:09,-0.7073903134628594,UNKNOWN
2023-05-31T18:10,-0.6073903134628615,UNKNOWN
2023-05-31T18:11,-0.6073903134628615,UNKNOWN
2023-05-31T18:12,-0.40739031346286225,UNKNOWN
2023-05-31T18:13,-0.40739031346286225,UNKNOWN
2023-05-31T18:14,-0.30739031346286083,UNKNOWN
2023-05-31T18:15,-0.2073903134628594,UNKNOWN
2023-05-31T18:16,-0.10739031346285799,UNKNOWN
2023-05-31T18:17,-0.0073903134628636735,UNKNOWN
2023-05-31T18:18,-0.0073903134628636735,UNKNOWN
2023-05-31T18:19,-0.2073903134628594,UNKNOWN
2023-05-31T18:20,-0.30739031346286083,UNKNOWN
2023-05-31T18:21,-0.40739031346286225,UNKNOWN
2023-05-31T18:22,-0.40739031346286225,UNKNOWN
2023-05-31T18:23,-0.5073903134628601,UNKNOWN
2023-05-31T18:24,-0.5073903134628601,UNKNOWN
2023-05-31T18:25,-0.6073903134628615,UNKNOWN
2023-05-31T18:26,-0.7073903134628594,UNKNOWN
2023-05-31T18:27,-0.8073903134628608,UNKNOWN
2023-05-31T18:28,-0.8073903134628608,UNKNOWN
2023-05-31T18:29,-0.8073903134628608,UNKNOWN
2023-05-31T18:30,-0.8073903134628608,UNKNOWN
2023-05-31T18:31,-0.8073903134628608,UNKNOWN
2023-05-31T18:32,-0.8073903134628608,UNKNOWN
2023-05-31T18:33,-0.8073903134628608,UNKNOWN
2023-05-31T18:34,-0.8073903134628608,UNKNOWN
2023-05-31T18:35,-0.7073903134628594,UNKNOWN
2023-05-31T18:36,-0.6073903134628615,UNKNOWN
2023-05-31T18:37,-0.6073903134628615,UNKNOWN
2023-05-31T18:38,-0.7073903134628594,UNKNOWN
2023-05-31T18:39,-0.7073903134628594,UNKNOWN
2023-05-31T18:40,-0.8073903134628608,UNKNOWN
2023-05-31T18:41,-0.9073903134628623,UNKNOWN
2023-05-31T18:42,-0.9073903134628623,UNKNOWN
2023-05-31T18:43,-1.1073903134628615,UNKNOWN
2023-05-31T18:44,-1.1073903134628615,UNKNOWN
2023-05-31T18:45,-1.2073903134628594,UNKNOWN
2023-05-31T18:46,-1.2073903134628594,UNKNOWN
2023-05-31T18:47,-1.2073903134628594,UNKNOWN
2023-05-31T18:48,-1.2073903134628594,UNKNOWN
2023-05-31T18:49,-1.1073903134628615,UNKNOWN
2023-05-31T18:50,-1.1073903134628615,UNKNOWN
2023-05-31T18:51,-1.1073903134628615,UNKNOWN
2023-05-31T18:52,-1.1073903134628615,UNKNOWN
2023-05-31T18:53,-1.1073903134628615,UNKNOWN
2023-05-31T18:54,-1.2073903134628594,UNKNOWN
2023-05-31T18:55,-1.6073903134628615,UNKNOWN
2023-05-31T18:56,-2.2073903134628594,UNKNOWN
2023-05-31T18:57,-2.9073903134628623,UNKNOWN
2023-05-31T18:58,-3.307390313462861,UNKNOWN
2023-05-31T18:59,-3.50739031346286,UNKNOWN
2023-05-31T19:00,-3.50739031346286,UNKNOWN
2023-05-31T19:01,-3.307390313462861,UNKNOWN
2023-05-31T19:02,-3.1073903134628615,UNKNOWN
2023-05-31T19:03,-3.00739031346286,UNKNOWN
2023-05-31T19:04,-3.1073903134628615,UNKNOWN
2023-05-31T19:05,-2.9073903134628623,UNKNOWN
2023-05-31T19:06,-2.7073903134628594,UNKNOWN
2023-05-31T19:07,-2.4073903134628623,UNKNOWN
2023-05-31T19:08,-2.1073903134628615,UNKNOWN
2023-05-31T19:09,-1.8073903134628608,UNKNOWN
2023-05-31T19:10,-1.5073903134628601,UNKNOWN
2023-05-31T19:11,-1.4073903134628623,UNKNOWN
2023-05-31T19:12,-1.3073903134628608,UNKNOWN
2023-05-31T19:13,-1.3073903134628608,UNKNOWN
2023-05-31T19:14,-1.4073903134628623,UNKNOWN
2023-05-31T19:15,-1.3073903134628608,UNKNOWN
2023-05-31T19:16,-1.3073903134628608,UNKNOWN
2023-05-31T19:17,-1.2073903134628594,UNKNOWN
2023-05-31T19:18,-1.2073903134628594,UNKNOWN
2023-05-31T19:19,-1.2073903134628594,UNKNOWN
2023-05-31T19:20,-1.3073903134628608,UNKNOWN
2023-05-31T19:21,-1.3073903134628608,UNKNOWN
2023-05-31T19:22,-1.3073903134628608,UNKNOWN
2023-05-31T19:23,-1.4073903134628623,UNKNOWN
2023-05-31T19:24,-1.5073903134628601,UNKNOWN
2023-05-31T19:25,-1.5073903134628601,UNKNOWN
2023-05-31T19:26,-1.7073903134628594,UNKNOWN
2023-05-31T19:27,-2.00739031346286,UNKNOWN
2023-05-31T19:28,-2.00739031346286,UNKNOWN
2023-05-31T19:29,-1.8073903134628608,UNKNOWN
2023-05-31T19:30,-1.6073903134628615,UNKNOWN
2023-05-31T19:31,-1.3073903134628608,UNKNOWN
2023-05-31T19:32,-1.1073903134628615,UNKNOWN
2023-05-31T19:33,-0.8073903134628608,UNKNOWN
2023-05-31T19:34,-0.8073903134628608,UNKNOWN
2023-05-31T19:35,-0.9073903134628623,UNKNOWN
2023-05-31T19:36,-1.1073903134628615,UNKNOWN
2023-05-31T19:37,-1.1073903134628615,UNKNOWN
2023-05-31T19:38,-1.2073903134628594,UNKNOWN
2023-05-31T19:39,-1.4073903134628623,UNKNOWN
2023-05-31T19:40,-1.6073903134628615,UNKNOWN
2023-05-31T19:41,-1.8073903134628608,UNKNOWN
2023-05-31T19:42,-1.7073903134628594,UNKNOWN
2023-05-31T19:43,-1.5073903134628601,UNKNOWN
2023-05-31T19:44,-1.2073903134628594,UNKNOWN
2023-05-31T19:45,-1.0073903134628601,UNKNOWN
2023-05-31T19:46,-1.0073903134628601,UNKNOWN
2023-05-31T19:47,-1.3073903134628608,UNKNOWN
2023-05-31T19:48,-1.6073903134628615,UNKNOWN
2023-05-31T19:49,-1.8073903134628608,UNKNOWN
2023-05-31T19:50,-2.2073903134628594,UNKNOWN
2023-05-31T19:51,-2.50739031346286,UNKNOWN
2023-05-31T19:52,-2.7073903134628594,UNKNOWN
2023-05-31T19:53,-2.7073903134628594,UNKNOWN
2023-05-31T19:54,-2.6073903134628615,UNKNOWN
2023-05-31T19:55,-2.50739031346286,UNKNOWN
2023-05-31T19:56,-2.4073903134628623,UNKNOWN
2023-05-31T19:57,-2.50739031346286,UNKNOWN
2023-05-31T19:58,-2.4073903134628623,UNKNOWN
2023-05-31T19:59,-2.4073903134628623,UNKNOWN
2023-05-31T20:00,-2.4073903134628623,UNKNOWN
2023-05-31T20:01,-2.50739031346286,UNKNOWN
2023-05-31T20:02,-2.7073903134628594,UNKNOWN
2023-05-31T20:03,-2.9073903134628623,UNKNOWN
2023-05-31T20:04,-3.00739031346286,UNKNOWN
2023-05-31T20:05,-2.9073903134628623,UNKNOWN
2023-05-31T20:06,-2.807390313462861,UNKNOWN
2023-05-31T20:07,-2.807390313462861,UNKNOWN
2023-05-31T20:08,-2.9073903134628623,UNKNOWN
2023-05-31T20:09,-2.6073903134628615,UNKNOWN
2023-05-31T20:10,-2.807390313462861,UNKNOWN
2023-05-31T20:11,-2.807390313462861,UNKNOWN
2023-05-31T20:12,-2.9073903134628623,UNKNOWN
2023-05-31T20:13,-3.2073903134628594,UNKNOWN
2023-05-31T20:14,-3.2073903134628594,UNKNOWN
2023-05-31T20:15,-3.307390313462861,UNKNOWN
2023-05-31T20:16,-3.4073903134628623,UNKNOWN
2023-05-31T20:17,-3.4073903134628623,UNKNOWN
2023-05-31T20:18,-3.307390313462861,UNKNOWN
2023-05-31T20:19,-3.1073903134628615,UNKNOWN
2023-05-31T20:20,-3.1073903134628615,UNKNOWN
2023-05-31T20:21,-3.1073903134628615,UNKNOWN
2023-05-31T20:22,-3.1073903134628615,UNKNOWN
2023-05-31T20:23,-3.1073903134628615,UNKNOWN
2023-05-31T20:24,-3.00739031346286,UNKNOWN
2023-05-31T20:25,-3.00739031346286,UNKNOWN
2023-05-31T20:26,-3.1073903134628615,UNKNOWN
2023-05-31T20:27,-3.2073903134628594,UNKNOWN
2023-05-31T20:28,-3.00739031346286,UNKNOWN
2023-05-31T20:29,-2.9073903134628623,UNKNOWN
2023-05-31T20:30,-2.807390313462861,UNKNOWN
2023-05-31T20:31,-2.7073903134628594,UNKNOWN
2023-05-31T20:32,-2.6073903134628615,UNKNOWN
2023-05-31T20:33,-2.6073903134628615,UNKNOWN
2023-05-31T20:34,-2.50739031346286,UNKNOWN
2023-05-31T20:35,-2.4073903134628623,UNKNOWN
2023-05-31T20:36,-2.307390313462861,UNKNOWN
2023-05-31T20:37,-2.1073903134628615,UNKNOWN
2023-05-31T20:38,-1.9073903134628623,UNKNOWN
2023-05-31T20:39,-1.8073903134628608,UNKNOWN
2023-05-31T20:40,-1.7073903134628594,UNKNOWN
2023-05-31T20:41,-1.6073903134628615,UNKNOWN
2023-05-31T20:42,-1.6073903134628615,UNKNOWN
2023-05-31T20:43,-1.5073903134628601,UNKNOWN
2023-05-31T20:44,-1.4073903134628623,UNKNOWN
2023-05-31T20:45,-1.3073903134628608,UNKNOWN
2023-05-31T20:46,-1.4073903134628623,UNKNOWN
2023-05-31T20:47,-1.4073903134628623,UNKNOWN
2023-05-31T20:48,-1.4073903134628623,UNKNOWN
2023-05-31T20:49,-1.3073903134628608,UNKNOWN
2023-05-31T20:50,-1.4073903134628623,UNKNOWN
2023-05-31T20:51,-1.4073903134628623,UNKNOWN
2023-05-31T20:52,-1.4073903134628623,UNKNOWN
2023-05-31T20:53,-1.3073903134628608,UNKNOWN
2023-05-31T20:54,-1.3073903134628608,UNKNOWN
2023-05-31T20:55,-1.3073903134628608,UNKNOWN
2023-05-31T20:56,-1.3073903134628608,UNKNOWN
2023-05-31T20:57,-1.3073903134628608,UNKNOWN
2023-05-31T20:58,-1.3073903134628608,UNKNOWN
2023-05-31T20:59,-1.3073903134628608,UNKNOWN
2023-05-31T21:00,-1.3073903134628608,UNKNOWN
2023-05-31T21:01,-1.3073903134628608,UNKNOWN
2023-05-31T21:02,-1.5073903134628601,UNKNOWN
2023-05-31T21:03,-1.6073903134628615,UNKNOWN
2023-05-31T21:04,-1.6073903134628615,UNKNOWN
2023-05-31T21:05,-1.7073903134628594,UNKNOWN
2023-05-31T21:06,-1.8073903134628608,UNKNOWN
2023-05-31T21:07,-1.8073903134628608,UNKNOWN
2023-05-31T21:08,-1.9073903134628623,UNKNOWN
2023-05-31T21:09,-2.00739031346286,UNKNOWN
2023-05-31T21:10,-2.00739031346286,UNKNOWN
2023-05-31T21:11,-2.00739031346286,UNKNOWN
2023-05-31T21:12,-2.00739031346286,UNKNOWN
2023-05-31T21:13,-2.1073903134628615,UNKNOWN
2023-05-31T21:14,-2.00739031346286,UNKNOWN
2023-05-31T21:15,-2.1073903134628615,UNKNOWN
2023-05-31T21:16,-2.00739031346286,UNKNOWN
2023-05-31T21:17,-2.00739031346286,UNKNOWN
2023-05-31T21:18,-1.9073903134628623,UNKNOWN
2023-05-31T21:19,-1.9073903134628623,UNKNOWN
2023-05-31T21:20,-1.8073903134628608,UNKNOWN
2023-05-31T21:21,-1.7073903134628594,UNKNOWN
2023-05-31T21:22,-1.7073903134628594,UNKNOWN
2023-05-31T21:23,-1.6073903134628615,UNKNOWN
2023-05-31T21:24,-1.6073903134628615,UNKNOWN
2023-05-31T21:25,-1.6073903134628615,UNKNOWN
2023-05-31T21:26,-1.5073903134628601,UNKNOWN
2023-05-31T21:27,-1.5073903134628601,UNKNOWN
2023-05-31T21:28,-1.5073903134628601,UNKNOWN
2023-05-31T21:29,-1.5073903134628601,UNKNOWN
2023-05-31T21:30,-1.5073903134628601,UNKNOWN
2023-05-31T21:31,-1.5073903134628601,UNKNOWN
2023-05-31T21:32,-1.5073903134628601,UNKNOWN
2023-05-31T21:33,-1.6073903134628615,UNKNOWN
2023-05-31T21:34,-1.6073903134628615,UNKNOWN
2023-05-31T21:35,-1.6073903134628615,UNKNOWN
2023-05-31T21:36,-1.5073903134628601,UNKNOWN
2023-05-31T21:37,-1.5073903134628601,UNKNOWN
2023-05-31T21:38,-1.6073903134628615,UNKNOWN
2023-05-31T21:39,-1.6073903134628615,UNKNOWN
2023-05-31T21:40,-1.6073903134628615,UNKNOWN
2023-05-31T21:41,-1.6073903134628615,UNKNOWN
2023-05-31T21:42,-1.6073903134628615,UNKNOWN
2023-05-31T21:43,-1.5073903134628601,UNKNOWN
2023-05-31T21:44,-1.5073903134628601,UNKNOWN
2023-05-31T21:45,-1.6073903134628615,UNKNOWN
2023-05-31T21:46,-1.6073903134628615,UNKNOWN
2023-05-31T21:47,-1.6073903134628615,UNKNOWN
2023-05-31T21:48,-1.6073903134628615,UNKNOWN
2023-05-31T21:49,-1.7073903134628594,UNKNOWN
2023-05-31T21:50,-1.6073903134628615,UNKNOWN
2023-05-31T21:51,-1.7073903134628594,UNKNOWN
2023-05-31T21:52,-1.6073903134628615,UNKNOWN
2023-05-31T21:53,-1.6073903134628615,UNKNOWN
2023-05-31T21:54,-1.5073903134628601,UNKNOWN
2023-05-31T21:55,-1.5073903134628601,UNKNOWN
2023-05-31T21:56,-1.5073903134628601,UNKNOWN
2023-05-31T21:57,-1.4073903134628623,UNKNOWN
2023-05-31T21:58,-1.4073903134628623,UNKNOWN
2023-05-31T21:59,-1.4073903134628623,UNKNOWN
2023-05-31T22:00,-1.4073903134628623,UNKNOWN
2023-05-31T22:01,-1.5073903134628601,UNKNOWN
2023-05-31T22:02,-1.6073903134628615,UNKNOWN
2023-05-31T22:03,-1.7073903134628594,UNKNOWN
2023-05-31T22:04,-1.8073903134628608,UNKNOWN
2023-05-31T22:05,-1.8073903134628608,UNKNOWN
2023-05-31T22:06,-1.8073903134628608,UNKNOWN
2023-05-31T22:07,-1.8073903134628608,UNKNOWN
2023-05-31T22:08,-1.7073903134628594,UNKNOWN
2023-05-31T22:09,-1.7073903134628594,UNKNOWN
2023-05-31T22:10,-1.6073903134628615,UNKNOWN
2023-05-31T22:11,-1.6073903134628615,UNKNOWN
2023-05-31T22:12,-1.6073903134628615,UNKNOWN
2023-05-31T22:13,-1.6073903134628615,UNKNOWN
2023-05-31T22:14,-1.6073903134628615,UNKNOWN
2023-05-31T22:15,-1.6073903134628615,UNKNOWN
2023-05-31T22:16,-1.6073903134628615,UNKNOWN
2023-05-31T22:17,-1.6073903134628615,UNKNOWN
2023-05-31T22:18,-1.7073903134628594,UNKNOWN
2023-05-31T22:19,-1.6073903134628615,UNKNOWN
2023-05-31T22:20,-1.6073903134628615,UNKNOWN
2023-05-31T22:21,-1.6073903134628615,UNKNOWN
2023-05-31T22:22,-1.7073903134628594,UNKNOWN
2023-05-31T22:23,-1.6073903134628615,UNKNOWN
2023-05-31T22:24,-1.4073903134628623,UNKNOWN
2023-05-31T22:25,-1.6073903134628615,UNKNOWN
2023-05-31T22:26,-1.7073903134628594,UNKNOWN
2023-05-31T22:27,-1.6073903134628615,UNKNOWN
2023-05-31T22:28,-1.5073903134628601,UNKNOWN
2023-05-31T22:29,-1.3073903134628608,UNKNOWN
2023-05-31T22:30,-1.1073903134628615,UNKNOWN
2023-05-31T22:31,-1.0073903134628601,UNKNOWN
2023-05-31T22:32,-0.8073903134628608,UNKNOWN
2023-05-31T22:33,-0.8073903134628608,UNKNOWN
2023-05-31T22:34,-0.8073903134628608,UNKNOWN
2023-05-31T22:35,-0.5073903134628601,UNKNOWN
2023-05-31T22:36,-0.40739031346286225,UNKNOWN
2023-05-31T22:37,-0.5073903134628601,UNKNOWN
2023-05-31T22:38,-0.5073903134628601,UNKNOWN
2023-05-31T22:39,-0.5073903134628601,UNKNOWN
2023-05-31T22:40,-0.30739031346286083,UNKNOWN
2023-05-31T22:41,-0.10739031346285799,UNKNOWN
2023-05-31T22:42,0.09260968653713775,UNKNOWN
2023-05-31T22:43,0.19260968653713917,UNKNOWN
2023-05-31T22:44,0.4926096865371363,UNKNOWN
2023-05-31T22:45,0.5926096865371377,UNKNOWN
2023-05-31T22:46,0.7926096865371406,UNKNOWN
2023-05-31T22:47,0.9926096865371363,UNKNOWN
2023-05-31T22:48,1.0926096865371377,UNKNOWN
2023-05-31T22:49,1.1926096865371392,UNKNOWN
2023-05-31T22:50,1.2926096865371406,UNKNOWN
2023-05-31T22:51,1.392609686537142,UNKNOWN
2023-05-31T22:52,1.4926096865371363,UNKNOWN
2023-05-31T22:53,1.4926096865371363,UNKNOWN
2023-05-31T22:54,1.5926096865371377,UNKNOWN
2023-05-31T22:55,1.6926096865371392,UNKNOWN
2023-05-31T22:56,1.7926096865371406,UNKNOWN
2023-05-31T22:57,1.7926096865371406,UNKNOWN
2023-05-31T22:58,1.892609686537142,UNKNOWN
2023-05-31T22:59,1.892609686537142,UNKNOWN
2023-05-31T23:00,1.9926096865371363,UNKNOWN
2023-05-31T23:01,1.9926096865371363,UNKNOWN
2023-05-31T23:02,1.9926096865371363,UNKNOWN
2023-05-31T23:03,2.0926096865371377,UNKNOWN
2023-05-31T23:04,2.0926096865371377,UNKNOWN
2023-05-31T23:05,2.0926096865371377,UNKNOWN
2023-05-31T23:06,2.192609686537139,UNKNOWN
2023-05-31T23:07,2.192609686537139,UNKNOWN
2023-05-31T23:08,2.192609686537139,UNKNOWN
2023-05-31T23:09,2.2926096865371406,UNKNOWN
2023-05-31T23:10,2.2926096865371406,UNKNOWN
2023-05-31T23:11,2.2926096865371406,UNKNOWN
2023-05-31T23:12,2.2926096865371406,UNKNOWN
2023-05-31T23:13,2.2926096865371406,UNKNOWN
2023-05-31T23:14,2.2926096865371406,UNKNOWN
2023-05-31T23:15,2.2926096865371406,UNKNOWN
2023-05-31T23:16,2.0926096865371377,UNKNOWN
2023-05-31T23:17,1.7926096865371406,UNKNOWN
2023-05-31T23:18,1.392609686537142,UNKNOWN
2023-05-31T23:19,1.0926096865371377,UNKNOWN
2023-05-31T23:20,0.7926096865371406,UNKNOWN
2023-05-31T23:21,0.5926096865371377,UNKNOWN
2023-05-31T23:22,0.392609686537142,UNKNOWN
2023-05-31T23:23,0.19260968653713917,UNKNOWN
2023-05-31T23:24,0.09260968653713775,UNKNOWN
2023-05-31T23:25,-0.0073903134628636735,UNKNOWN
2023-05-31T23:26,-0.2073903134628594,UNKNOWN
2023-05-31T23:27,-0.2073903134628594,UNKNOWN
2023-05-31T23:28,-0.30739031346286083,UNKNOWN
2023-05-31T23:29,-0.40739031346286225,UNKNOWN
2023-05-31T23:30,-0.5073903134628601,UNKNOWN
2023-05-31T23:31,-0.5073903134628601,UNKNOWN
2023-05-31T23:32,-0.6073903134628615,UNKNOWN
2023-05-31T23:33,-0.6073903134628615,UNKNOWN
2023-05-31T23:34,-0.6073903134628615,UNKNOWN
2023-05-31T23:35,-0.7073903134628594,UNKNOWN
2023-05-31T23:36,-0.7073903134628594,UNKNOWN
2023-05-31T23:37,-0.8073903134628608,UNKNOWN
2023-05-31T23:38,-0.8073903134628608,UNKNOWN
2023-05-31T23:39,-0.8073903134628608,UNKNOWN
2023-05-31T23:40,-0.9073903134628623,UNKNOWN
2023-05-31T23:41,-1.0073903134628601,UNKNOWN
2023-05-31T23:42,-1.1073903134628615,UNKNOWN
2023-05-31T23:43,-1.1073903134628615,UNKNOWN
2023-05-31T23:44,-1.2073903134628594,UNKNOWN
2023-05-31T23:45,-1.3073903134628608,UNKNOWN
2023-05-31T23:46,-1.3073903134628608,UNKNOWN
2023-05-31T23:47,-1.4073903134628623,UNKNOWN
2023-05-31T23:48,-1.4073903134628623,UNKNOWN
2023-05-31T23:49,-1.5073903134628601,UNKNOWN
2023-05-31T23:50,-1.4073903134628623,UNKNOWN
2023-05-31T23:51,-1.3073903134628608,UNKNOWN
2023-05-31T23:52,-1.2073903134628594,UNKNOWN
2023-05-31T23:53,-1.1073903134628615,UNKNOWN
2023-05-31T23:54,-1.1073903134628615,UNKNOWN
2023-05-31T23:55,-1.1073903134628615,UNKNOWN
2023-05-31T23:56,-1.1073903134628615,UNKNOWN
2023-05-31T23:57,-1.2073903134628594,UNKNOWN
2023-05-31T23:58,-1.3073903134628608,UNKNOWN
2023-05-31T23:59,-1.3073903134628608,UNKNOWN